board_id,chip_id,channel_id,detector_id,plane_type,strip_id,pedestal,noise_sigma,gain,polarity,status
0,0,0,1,0,127,-642.824,14.903,1,1,0
0,0,1,1,0,95,-603.969,11.901,1,1,0
0,0,2,1,0,63,-563.262,12.6791,1,1,0
0,0,3,1,0,31,-545.711,11.5031,1,1,0
0,0,4,1,0,119,-630.843,13.9395,1,1,0
0,0,5,1,0,87,-588.579,11.4725,1,1,0
0,0,6,1,0,55,-569.749,13.313,1,1,0
0,0,7,1,0,23,-546.708,11.7686,1,1,0
0,0,8,1,0,111,-619.026,13.3534,1,1,0
0,0,9,1,0,79,-598.533,11.5766,1,1,0
0,0,10,1,0,47,-561.586,11.8694,1,1,0
0,0,11,1,0,15,-536.209,11.8686,1,1,0
0,0,12,1,0,103,-610.678,13.9949,1,1,0
0,0,13,1,0,71,-583.352,11.3315,1,1,0
0,0,14,1,0,39,-554.675,11.4016,1,1,0
0,0,15,1,0,7,-537.519,11.7977,1,1,0
0,0,16,1,0,126,-626.659,14.8233,1,1,0
0,0,17,1,0,94,-595.238,11.683,1,1,0
0,0,18,1,0,62,-554.144,11.2372,1,1,0
0,0,19,1,0,30,-535.394,10.6769,1,1,0
0,0,20,1,0,118,-636.799,13.6834,1,1,0
0,0,21,1,0,86,-589.136,11.3499,1,1,0
0,0,22,1,0,54,-553.221,10.2502,1,1,0
0,0,23,1,0,22,-542.618,10.615,1,1,0
0,0,24,1,0,110,-618.422,13.2752,1,1,0
0,0,25,1,0,78,-582.356,11.2984,1,1,0
0,0,26,1,0,46,-560.738,10.3058,1,1,0
0,0,27,1,0,14,-527.322,10.9522,1,1,0
0,0,28,1,0,102,-610.734,12.4094,1,1,0
0,0,29,1,0,70,-583.326,10.7783,1,1,0
0,0,30,1,0,38,-555.452,10.2165,1,1,0
0,0,31,1,0,6,-537.362,11.1579,1,1,0
0,0,32,1,0,125,-638.512,14.5767,1,1,0
0,0,33,1,0,93,-608.944,12.2182,1,1,0
0,0,34,1,0,61,-562.938,12.3753,1,1,0
0,0,35,1,0,29,-540.634,11.524,1,1,0
0,0,36,1,0,117,-618.948,13.7814,1,1,0
0,0,37,1,0,85,-582.75,11.6211,1,1,0
0,0,38,1,0,53,-561.041,12.2703,1,1,0
0,0,39,1,0,21,-535.802,11.8445,1,1,0
0,0,40,1,0,109,-614.761,14.1251,1,1,0
0,0,41,1,0,77,-571.568,11.9316,1,1,0
0,0,42,1,0,45,-544.935,12.3841,1,1,0
0,0,43,1,0,13,-545.993,11.7198,1,1,0
0,0,44,1,0,101,-615.199,13.2199,1,1,0
0,0,45,1,0,69,-567.812,12.3722,1,1,0
0,0,46,1,0,37,-559.284,11.3288,1,1,0
0,0,47,1,0,5,-534.456,12.2739,1,1,0
0,0,48,1,0,124,-622.683,14.3693,1,1,0
0,0,49,1,0,92,-586.731,11.4913,1,1,0
0,0,50,1,0,60,-552.832,10.7404,1,1,0
0,0,51,1,0,28,-542.459,10.6148,1,1,0
0,0,52,1,0,116,-622.879,13.1401,1,1,0
0,0,53,1,0,84,-588.786,11.1878,1,1,0
0,0,54,1,0,52,-551.622,10.3038,1,1,0
0,0,55,1,0,20,-545.979,10.6349,1,1,0
0,0,56,1,0,108,-612.64,12.9137,1,1,0
0,0,57,1,0,76,-599.115,10.9821,1,1,0
0,0,58,1,0,44,-551.133,10.5944,1,1,0
0,0,59,1,0,12,-540.647,10.9866,1,1,0
0,0,60,1,0,100,-595.974,11.8213,1,1,0
0,0,61,1,0,68,-574.006,10.6749,1,1,0
0,0,62,1,0,36,-538.528,10.0524,1,1,0
0,0,63,1,0,4,-533.502,12.3882,1,1,0
0,0,64,1,0,123,-651.231,14.0976,1,1,0
0,0,65,1,0,91,-591.905,11.8027,1,1,0
0,0,66,1,0,59,-560.138,13.0167,1,1,0
0,0,67,1,0,27,-543.965,11.4125,1,1,0
0,0,68,1,0,115,-631.158,13.7236,1,1,0
0,0,69,1,0,83,-584.325,11.5654,1,1,0
0,0,70,1,0,51,-562.003,12.1639,1,1,0
0,0,71,1,0,19,-542.913,11.2959,1,1,0
0,0,72,1,0,107,-603.632,14.0058,1,1,0
0,0,73,1,0,75,-565.587,11.8108,1,1,0
0,0,74,1,0,43,-555.553,11.966,1,1,0
0,0,75,1,0,11,-543.506,11.6751,1,1,0
0,0,76,1,0,99,-597.978,12.3966,1,1,0
0,0,77,1,0,67,-568.63,11.7978,1,1,0
0,0,78,1,0,35,-545.683,11.0722,1,1,0
0,0,79,1,0,3,-524.1,12.2329,1,1,0
0,0,80,1,0,122,-627.839,14.2374,1,1,0
0,0,81,1,0,90,-585.981,11.431,1,1,0
0,0,82,1,0,58,-567.921,10.6087,1,1,0
0,0,83,1,0,26,-552.675,10.5092,1,1,0
0,0,84,1,0,114,-620.261,13.3339,1,1,0
0,0,85,1,0,82,-589.081,11.35,1,1,0
0,0,86,1,0,50,-549.292,10.2161,1,1,0
0,0,87,1,0,18,-536.788,10.3503,1,1,0
0,0,88,1,0,106,-609.032,12.7134,1,1,0
0,0,89,1,0,74,-572.934,11.1711,1,1,0
0,0,90,1,0,42,-550.243,10.2563,1,1,0
0,0,91,1,0,10,-533.137,11.0426,1,1,0
0,0,92,1,0,98,-607.611,11.9439,1,1,0
0,0,93,1,0,66,-574.178,10.8763,1,1,0
0,0,94,1,0,34,-536.315,10.5268,1,1,0
0,0,95,1,0,2,-523.942,12.2257,1,1,0
0,0,96,1,0,121,-620.692,14.106,1,1,0
0,0,97,1,0,89,-586.238,11.6367,1,1,0
0,0,98,1,0,57,-571.759,13.0535,1,1,0
0,0,99,1,0,25,-539.771,12.4662,1,1,0
0,0,100,1,0,113,-619.239,13.4792,1,1,0
0,0,101,1,0,81,-574.939,11.3999,1,1,0
0,0,102,1,0,49,-551.404,11.865,1,1,0
0,0,103,1,0,17,-539.154,11.475,1,1,0
0,0,104,1,0,105,-622.972,14.0223,1,1,0
0,0,105,1,0,73,-577.051,12.4584,1,1,0
0,0,106,1,0,41,-539.049,11.7917,1,1,0
0,0,107,1,0,9,-526.364,11.8745,1,1,0
0,0,108,1,0,97,-595.675,12.0443,1,1,0
0,0,109,1,0,65,-551.552,12.1663,1,1,0
0,0,110,1,0,33,-559.128,11.5017,1,1,0
0,0,111,1,0,1,-514.097,12.8499,1,1,0
0,0,112,1,0,120,-641.738,13.8002,1,1,0
0,0,113,1,0,88,-591.767,11.2884,1,1,0
0,0,114,1,0,56,-561.407,10.4669,1,1,0
0,0,115,1,0,24,-531.576,11.0174,1,1,0
0,0,116,1,0,112,-628.293,13.0996,1,1,0
0,0,117,1,0,80,-592.763,10.7769,1,1,0
0,0,118,1,0,48,-550.654,10.0171,1,1,0
0,0,119,1,0,16,-532.623,10.4907,1,1,0
0,0,120,1,0,104,-601.382,12.6672,1,1,0
0,0,121,1,0,72,-564.526,10.8597,1,1,0
0,0,122,1,0,40,-545.652,10.1516,1,1,0
0,0,123,1,0,8,-546.524,11.2251,1,1,0
0,0,124,1,0,96,-605.742,11.6348,1,1,0
0,0,125,1,0,64,-585.07,10.5558,1,1,0
0,0,126,1,0,32,-524.912,10.1911,1,1,0
0,0,127,1,0,0,-543.251,13.2829,1,1,0
0,1,0,1,0,255,-633.14,16.3408,1,1,0
0,1,1,1,0,223,-609.729,14.1111,1,1,0
0,1,2,1,0,191,-550.275,12.8651,1,1,0
0,1,3,1,0,159,-528.444,12.2935,1,1,0
0,1,4,1,0,247,-630.443,15.0091,1,1,0
0,1,5,1,0,215,-599.253,12.6259,1,1,0
0,1,6,1,0,183,-549.991,12.8914,1,1,0
0,1,7,1,0,151,-541.801,12.7181,1,1,0
0,1,8,1,0,239,-622.729,15.182,1,1,0
0,1,9,1,0,207,-585.227,12.8036,1,1,0
0,1,10,1,0,175,-557.769,12.2636,1,1,0
0,1,11,1,0,143,-507.969,12.8089,1,1,0
0,1,12,1,0,231,-611.921,16.1913,1,1,0
0,1,13,1,0,199,-566.209,12.6642,1,1,0
0,1,14,1,0,167,-531.004,12.094,1,1,0
0,1,15,1,0,135,-512.475,13.0012,1,1,0
0,1,16,1,0,254,-617.214,16.1898,1,1,0
0,1,17,1,0,222,-602.418,13.0056,1,1,0
0,1,18,1,0,190,-555.356,12.2303,1,1,0
0,1,19,1,0,158,-524.425,11.9413,1,1,0
0,1,20,1,0,246,-633.528,14.4571,1,1,0
0,1,21,1,0,214,-594.221,12.4511,1,1,0
0,1,22,1,0,182,-551.88,11.5817,1,1,0
0,1,23,1,0,150,-519.063,11.9448,1,1,0
0,1,24,1,0,238,-624.913,14.3722,1,1,0
0,1,25,1,0,206,-590.923,12.4048,1,1,0
0,1,26,1,0,174,-543,11.6368,1,1,0
0,1,27,1,0,142,-521.88,12.2789,1,1,0
0,1,28,1,0,230,-609.499,13.2785,1,1,0
0,1,29,1,0,198,-572.77,11.9693,1,1,0
0,1,30,1,0,166,-527.812,11.5525,1,1,0
0,1,31,1,0,134,-503.702,12.5126,1,1,0
0,1,32,1,0,253,-624.788,15.9151,1,1,0
0,1,33,1,0,221,-605.861,14.0357,1,1,0
0,1,34,1,0,189,-553.906,12.7249,1,1,0
0,1,35,1,0,157,-526.747,12.3487,1,1,0
0,1,36,1,0,245,-641.034,14.6335,1,1,0
0,1,37,1,0,213,-590.247,12.758,1,1,0
0,1,38,1,0,181,-535.456,12.6078,1,1,0
0,1,39,1,0,149,-516.854,12.7467,1,1,0
0,1,40,1,0,237,-609.009,15.0995,1,1,0
0,1,41,1,0,205,-583.864,12.7378,1,1,0
0,1,42,1,0,173,-524.647,12.941,1,1,0
0,1,43,1,0,141,-528.56,12.7735,1,1,0
0,1,44,1,0,229,-607.165,15.4502,1,1,0
0,1,45,1,0,197,-553.097,13.7704,1,1,0
0,1,46,1,0,165,-531.229,12.1208,1,1,0
0,1,47,1,0,133,-509.984,13.6036,1,1,0
0,1,48,1,0,252,-617.169,15.5664,1,1,0
0,1,49,1,0,220,-603.419,12.7868,1,1,0
0,1,50,1,0,188,-551.225,11.8537,1,1,0
0,1,51,1,0,156,-531.231,11.7771,1,1,0
0,1,52,1,0,244,-615.398,13.9156,1,1,0
0,1,53,1,0,212,-591.725,12.2092,1,1,0
0,1,54,1,0,180,-537.495,11.547,1,1,0
0,1,55,1,0,148,-520.385,11.8236,1,1,0
0,1,56,1,0,236,-618.198,14.1316,1,1,0
0,1,57,1,0,204,-585.194,12.1386,1,1,0
0,1,58,1,0,172,-523.734,12.0481,1,1,0
0,1,59,1,0,140,-503.679,12.1882,1,1,0
0,1,60,1,0,228,-588.148,12.5903,1,1,0
0,1,61,1,0,196,-590.539,11.7375,1,1,0
0,1,62,1,0,164,-521.189,11.3277,1,1,0
0,1,63,1,0,132,-501.027,13.5388,1,1,0
0,1,64,1,0,251,-638.549,15.3225,1,1,0
0,1,65,1,0,219,-581.618,13.0593,1,1,0
0,1,66,1,0,187,-540.51,12.8286,1,1,0
0,1,67,1,0,155,-537.024,12.2002,1,1,0
0,1,68,1,0,243,-631.083,14.7399,1,1,0
0,1,69,1,0,211,-578.165,12.59,1,1,0
0,1,70,1,0,179,-539.148,12.3885,1,1,0
0,1,71,1,0,147,-522.48,12.2718,1,1,0
0,1,72,1,0,235,-614.653,15.5016,1,1,0
0,1,73,1,0,203,-571.965,12.5301,1,1,0
0,1,74,1,0,171,-532.073,12.4647,1,1,0
0,1,75,1,0,139,-522.55,12.6959,1,1,0
0,1,76,1,0,227,-618.738,14.6093,1,1,0
0,1,77,1,0,195,-574.884,13.7027,1,1,0
0,1,78,1,0,163,-531.431,11.8232,1,1,0
0,1,79,1,0,131,-504.636,13.8164,1,1,0
0,1,80,1,0,250,-621.203,15.1957,1,1,0
0,1,81,1,0,218,-596.437,12.6005,1,1,0
0,1,82,1,0,186,-531.452,11.7476,1,1,0
0,1,83,1,0,154,-525.043,11.862,1,1,0
0,1,84,1,0,242,-623.387,14.3551,1,1,0
0,1,85,1,0,210,-583.366,12.3798,1,1,0
0,1,86,1,0,178,-527.045,11.614,1,1,0
0,1,87,1,0,146,-515.786,11.7205,1,1,0
0,1,88,1,0,234,-601.951,13.2813,1,1,0
0,1,89,1,0,202,-582.819,12.217,1,1,0
0,1,90,1,0,170,-540.324,11.6792,1,1,0
0,1,91,1,0,138,-503.626,12.3131,1,1,0
0,1,92,1,0,226,-610.721,13.0343,1,1,0
0,1,93,1,0,194,-569.83,11.978,1,1,0
0,1,94,1,0,162,-522.697,11.7729,1,1,0
0,1,95,1,0,130,-489.841,13.4745,1,1,0
0,1,96,1,0,249,-632.01,15.5788,1,1,0
0,1,97,1,0,217,-601.016,13.1082,1,1,0
0,1,98,1,0,185,-555.908,12.8545,1,1,0
0,1,99,1,0,153,-534.992,13.2305,1,1,0
0,1,100,1,0,241,-618.41,15.0014,1,1,0
0,1,101,1,0,209,-585.568,12.5184,1,1,0
0,1,102,1,0,177,-557.246,12.3406,1,1,0
0,1,103,1,0,145,-516.384,12.5925,1,1,0
0,1,104,1,0,233,-628.696,16.2171,1,1,0
0,1,105,1,0,201,-567.871,13.9769,1,1,0
0,1,106,1,0,169,-535.329,12.5199,1,1,0
0,1,107,1,0,137,-511.047,13.1907,1,1,0
0,1,108,1,0,225,-604.907,13.8974,1,1,0
0,1,109,1,0,193,-559.088,13.7541,1,1,0
0,1,110,1,0,161,-536.059,11.9098,1,1,0
0,1,111,1,0,129,-497.408,14.019,1,1,0
0,1,112,1,0,248,-604.417,14.3713,1,1,0
0,1,113,1,0,216,-598.653,12.5236,1,1,0
0,1,114,1,0,184,-538.753,11.7736,1,1,0
0,1,115,1,0,152,-521.43,12.1686,1,1,0
0,1,116,1,0,240,-623.789,14.0373,1,1,0
0,1,117,1,0,208,-589.205,11.9305,1,1,0
0,1,118,1,0,176,-518.731,11.4753,1,1,0
0,1,119,1,0,144,-525.81,11.7237,1,1,0
0,1,120,1,0,232,-594.996,13.3389,1,1,0
0,1,121,1,0,200,-574.549,11.9172,1,1,0
0,1,122,1,0,168,-538.524,11.4371,1,1,0
0,1,123,1,0,136,-508.465,12.4629,1,1,0
0,1,124,1,0,224,-602.045,12.491,1,1,0
0,1,125,1,0,192,-566.149,11.6559,1,1,0
0,1,126,1,0,160,-521.76,11.4701,1,1,0
0,1,127,1,0,128,-461.56,14.336,1,1,0
0,2,0,1,1,127,-737.227,15.805,1,1,0
0,2,1,1,1,95,-669.587,13.221,1,1,0
0,2,2,1,1,63,-636.021,13.1634,1,1,0
0,2,3,1,1,31,-589.767,11.7943,1,1,0
0,2,4,1,1,119,-721.156,13.8559,1,1,0
0,2,5,1,1,87,-667.38,12.7497,1,1,0
0,2,6,1,1,55,-630.872,13.6792,1,1,0
0,2,7,1,1,23,-594.094,12.1182,1,1,0
0,2,8,1,1,111,-707.941,13.4936,1,1,0
0,2,9,1,1,79,-649.626,12.3988,1,1,0
0,2,10,1,1,47,-612.491,12.3737,1,1,0
0,2,11,1,1,15,-562.651,12.4824,1,1,0
0,2,12,1,1,103,-689.36,14.9029,1,1,0
0,2,13,1,1,71,-646.161,12.0753,1,1,0
0,2,14,1,1,39,-589.733,12.0589,1,1,0
0,2,15,1,1,7,-559.24,12.2157,1,1,0
0,2,16,1,1,126,-728.407,14.7079,1,1,0
0,2,17,1,1,94,-662.433,13.0965,1,1,0
0,2,18,1,1,62,-619.098,11.593,1,1,0
0,2,19,1,1,30,-573.109,11.1512,1,1,0
0,2,20,1,1,118,-717.575,13.6142,1,1,0
0,2,21,1,1,86,-663.413,12.8794,1,1,0
0,2,22,1,1,54,-622.934,10.8208,1,1,0
0,2,23,1,1,22,-575.502,11.0595,1,1,0
0,2,24,1,1,110,-692.287,13.3297,1,1,0
0,2,25,1,1,78,-646.31,12.181,1,1,0
0,2,26,1,1,46,-590.264,10.8511,1,1,0
0,2,27,1,1,14,-561.54,11.4966,1,1,0
0,2,28,1,1,102,-699.647,12.7538,1,1,0
0,2,29,1,1,70,-650.525,11.8614,1,1,0
0,2,30,1,1,38,-587.203,10.7947,1,1,0
0,2,31,1,1,6,-558.458,11.5925,1,1,0
0,2,32,1,1,125,-713.024,14.7108,1,1,0
0,2,33,1,1,93,-681.842,12.8535,1,1,0
0,2,34,1,1,61,-617.09,12.9818,1,1,0
0,2,35,1,1,29,-568.07,12.0227,1,1,0
0,2,36,1,1,117,-712.631,13.8193,1,1,0
0,2,37,1,1,85,-665.358,12.8742,1,1,0
0,2,38,1,1,53,-613.566,12.9512,1,1,0
0,2,39,1,1,21,-586.385,12.3214,1,1,0
0,2,40,1,1,109,-710.232,14.2812,1,1,0
0,2,41,1,1,77,-649.35,12.6385,1,1,0
0,2,42,1,1,45,-603.873,12.8214,1,1,0
0,2,43,1,1,13,-566.177,12.2063,1,1,0
0,2,44,1,1,101,-685.624,13.8386,1,1,0
0,2,45,1,1,69,-625.17,13.419,1,1,0
0,2,46,1,1,37,-599.008,11.8681,1,1,0
0,2,47,1,1,5,-564.25,12.5892,1,1,0
0,2,48,1,1,124,-719.189,14.4564,1,1,0
0,2,49,1,1,92,-668.373,12.9504,1,1,0
0,2,50,1,1,60,-617.633,11.2836,1,1,0
0,2,51,1,1,28,-577.318,11.1072,1,1,0
0,2,52,1,1,116,-707.35,13.0664,1,1,0
0,2,53,1,1,84,-672.866,12.5314,1,1,0
0,2,54,1,1,52,-598.161,10.8444,1,1,0
0,2,55,1,1,20,-567.718,11.1281,1,1,0
0,2,56,1,1,108,-688.704,13.1573,1,1,0
0,2,57,1,1,76,-649.386,11.9473,1,1,0
0,2,58,1,1,44,-575.452,11.2179,1,1,0
0,2,59,1,1,12,-561.311,11.4885,1,1,0
0,2,60,1,1,100,-681.985,12.7025,1,1,0
0,2,61,1,1,68,-639.101,11.4117,1,1,0
0,2,62,1,1,36,-576.408,10.5467,1,1,0
0,2,63,1,1,4,-559.261,12.7202,1,1,0
0,2,64,1,1,123,-718.34,14.63,1,1,0
0,2,65,1,1,91,-666.763,13.0842,1,1,0
0,2,66,1,1,59,-619.056,13.6336,1,1,0
0,2,67,1,1,27,-577.261,11.8576,1,1,0
0,2,68,1,1,115,-707.299,13.7393,1,1,0
0,2,69,1,1,83,-656.946,12.6529,1,1,0
0,2,70,1,1,51,-620.819,12.6607,1,1,0
0,2,71,1,1,19,-573.187,11.7689,1,1,0
0,2,72,1,1,107,-701.754,14.5117,1,1,0
0,2,73,1,1,75,-646.296,12.3789,1,1,0
0,2,74,1,1,43,-595.719,12.5746,1,1,0
0,2,75,1,1,11,-562.079,12.3254,1,1,0
0,2,76,1,1,99,-683.46,13.117,1,1,0
0,2,77,1,1,67,-633.55,12.5654,1,1,0
0,2,78,1,1,35,-584.105,11.7611,1,1,0
0,2,79,1,1,3,-547.776,12.7651,1,1,0
0,2,80,1,1,122,-711.327,14.2831,1,1,0
0,2,81,1,1,90,-658.461,12.897,1,1,0
0,2,82,1,1,58,-612.4,11.1416,1,1,0
0,2,83,1,1,26,-576.491,11.1291,1,1,0
0,2,84,1,1,114,-700.317,13.3819,1,1,0
0,2,85,1,1,82,-667.941,12.7779,1,1,0
0,2,86,1,1,50,-594.906,10.8308,1,1,0
0,2,87,1,1,18,-569.972,10.8869,1,1,0
0,2,88,1,1,106,-702.608,12.9863,1,1,0
0,2,89,1,1,74,-659.929,12.4274,1,1,0
0,2,90,1,1,42,-585.078,10.8915,1,1,0
0,2,91,1,1,10,-566.913,11.6192,1,1,0
0,2,92,1,1,98,-671.769,13.176,1,1,0
0,2,93,1,1,66,-643.182,11.6088,1,1,0
0,2,94,1,1,34,-576.66,11.01,1,1,0
0,2,95,1,1,2,-538.72,12.7869,1,1,0
0,2,96,1,1,121,-715.023,14.2963,1,1,0
0,2,97,1,1,89,-660.015,12.8131,1,1,0
0,2,98,1,1,57,-608.003,13.5104,1,1,0
0,2,99,1,1,25,-591.306,12.8097,1,1,0
0,2,100,1,1,113,-698.02,13.798,1,1,0
0,2,101,1,1,81,-649.411,12.1165,1,1,0
0,2,102,1,1,49,-609.337,12.4213,1,1,0
0,2,103,1,1,17,-580.976,11.9212,1,1,0
0,2,104,1,1,105,-687.135,14.6979,1,1,0
0,2,105,1,1,73,-633.142,13.2654,1,1,0
0,2,106,1,1,41,-594.843,12.4202,1,1,0
0,2,107,1,1,9,-569.386,12.3962,1,1,0
0,2,108,1,1,97,-701.251,12.5408,1,1,0
0,2,109,1,1,65,-630.278,13.1675,1,1,0
0,2,110,1,1,33,-590.794,11.9761,1,1,0
0,2,111,1,1,1,-534.963,13.4869,1,1,0
0,2,112,1,1,120,-706.363,13.9289,1,1,0
0,2,113,1,1,88,-654.61,12.5683,1,1,0
0,2,114,1,1,56,-619.995,11.047,1,1,0
0,2,115,1,1,24,-569.878,11.5447,1,1,0
0,2,116,1,1,112,-700.017,12.9715,1,1,0
0,2,117,1,1,80,-656.203,11.9807,1,1,0
0,2,118,1,1,48,-604.769,10.6127,1,1,0
0,2,119,1,1,16,-582.584,10.9988,1,1,0
0,2,120,1,1,104,-691.272,13.171,1,1,0
0,2,121,1,1,72,-659.133,12.2642,1,1,0
0,2,122,1,1,40,-580.218,10.6949,1,1,0
0,2,123,1,1,8,-560.896,11.8519,1,1,0
0,2,124,1,1,96,-689.69,12.1073,1,1,0
0,2,125,1,1,64,-640.787,11.0641,1,1,0
0,2,126,1,1,32,-562.142,10.836,1,1,0
0,2,127,1,1,0,-554.574,14.734,1,1,0
0,3,0,1,1,255,-676.074,15.2116,1,1,0
0,3,1,1,1,223,-599.594,13.8051,1,1,0
0,3,2,1,1,191,-554.099,13.4112,1,1,0
0,3,3,1,1,159,-519.5,12.7405,1,1,0
0,3,4,1,1,247,-676.16,13.9971,1,1,0
0,3,5,1,1,215,-595.831,12.8388,1,1,0
0,3,6,1,1,183,-564.915,13.7027,1,1,0
0,3,7,1,1,151,-514.821,13.0891,1,1,0
0,3,8,1,1,239,-640.57,14.9621,1,1,0
0,3,9,1,1,207,-581.576,13.1111,1,1,0
0,3,10,1,1,175,-550.142,12.7147,1,1,0
0,3,11,1,1,143,-516.639,13.2281,1,1,0
0,3,12,1,1,231,-637.843,16.1206,1,1,0
0,3,13,1,1,199,-578.605,12.8563,1,1,0
0,3,14,1,1,167,-535.869,12.4258,1,1,0
0,3,15,1,1,135,-501.498,13.1096,1,1,0
0,3,16,1,1,254,-651.414,15.4203,1,1,0
0,3,17,1,1,222,-598.227,13.1601,1,1,0
0,3,18,1,1,190,-568.392,12.502,1,1,0
0,3,19,1,1,158,-520.838,12.0702,1,1,0
0,3,20,1,1,246,-659.45,13.726,1,1,0
0,3,21,1,1,214,-588.419,12.7743,1,1,0
0,3,22,1,1,182,-544.21,11.8155,1,1,0
0,3,23,1,1,150,-508.552,12.043,1,1,0
0,3,24,1,1,238,-644.181,13.9662,1,1,0
0,3,25,1,1,206,-580.869,12.8494,1,1,0
0,3,26,1,1,174,-533.497,11.7389,1,1,0
0,3,27,1,1,142,-499.214,12.2942,1,1,0
0,3,28,1,1,230,-639.084,13.4645,1,1,0
0,3,29,1,1,198,-580.761,12.5315,1,1,0
0,3,30,1,1,166,-535.876,11.6675,1,1,0
0,3,31,1,1,134,-509.945,12.496,1,1,0
0,3,32,1,1,253,-663.025,14.8883,1,1,0
0,3,33,1,1,221,-606.433,13.9201,1,1,0
0,3,34,1,1,189,-536.9,13.3327,1,1,0
0,3,35,1,1,157,-509.528,12.7609,1,1,0
0,3,36,1,1,245,-670.185,14.2026,1,1,0
0,3,37,1,1,213,-594.223,13.1292,1,1,0
0,3,38,1,1,181,-541.003,13.1228,1,1,0
0,3,39,1,1,149,-513.454,13.0332,1,1,0
0,3,40,1,1,237,-641.751,15.3189,1,1,0
0,3,41,1,1,205,-568.765,13.0763,1,1,0
0,3,42,1,1,173,-530.164,13.2367,1,1,0
0,3,43,1,1,141,-505.84,12.9878,1,1,0
0,3,44,1,1,229,-639.136,15.5686,1,1,0
0,3,45,1,1,197,-560.861,14.13,1,1,0
0,3,46,1,1,165,-532.8,12.2924,1,1,0
0,3,47,1,1,133,-501.349,13.6377,1,1,0
0,3,48,1,1,252,-664.268,14.5748,1,1,0
0,3,49,1,1,220,-599.246,12.8958,1,1,0
0,3,50,1,1,188,-542.669,12.2549,1,1,0
0,3,51,1,1,156,-507.285,12.0183,1,1,0
0,3,52,1,1,244,-662.854,13.2341,1,1,0
0,3,53,1,1,212,-600.658,12.5704,1,1,0
0,3,54,1,1,180,-539.217,11.8031,1,1,0
0,3,55,1,1,148,-506.955,11.8916,1,1,0
0,3,56,1,1,236,-635.21,14.0758,1,1,0
0,3,57,1,1,204,-579.319,12.5298,1,1,0
0,3,58,1,1,172,-534.153,12.0735,1,1,0
0,3,59,1,1,140,-502.383,12.2872,1,1,0
0,3,60,1,1,228,-613.778,12.9714,1,1,0
0,3,61,1,1,196,-572.554,12.4732,1,1,0
0,3,62,1,1,164,-514.135,11.4356,1,1,0
0,3,63,1,1,132,-495.167,13.5844,1,1,0
0,3,64,1,1,251,-665.218,14.6701,1,1,0
0,3,65,1,1,219,-601.384,13.231,1,1,0
0,3,66,1,1,187,-548.147,13.7965,1,1,0
0,3,67,1,1,155,-510.388,12.6707,1,1,0
0,3,68,1,1,243,-661.914,14.1509,1,1,0
0,3,69,1,1,211,-588.612,12.8461,1,1,0
0,3,70,1,1,179,-543.195,12.9583,1,1,0
0,3,71,1,1,147,-510.455,12.6757,1,1,0
0,3,72,1,1,235,-637.443,15.4816,1,1,0
0,3,73,1,1,203,-580.416,12.8188,1,1,0
0,3,74,1,1,171,-535.881,12.951,1,1,0
0,3,75,1,1,139,-502.256,12.9294,1,1,0
0,3,76,1,1,227,-629.869,14.4379,1,1,0
0,3,77,1,1,195,-570.217,14.0719,1,1,0
0,3,78,1,1,163,-538.669,12.2315,1,1,0
0,3,79,1,1,131,-487.117,13.8272,1,1,0
0,3,80,1,1,250,-665.733,14.2711,1,1,0
0,3,81,1,1,218,-592.113,12.8318,1,1,0
0,3,82,1,1,186,-550.532,12.0457,1,1,0
0,3,83,1,1,154,-520.138,12.0783,1,1,0
0,3,84,1,1,242,-661.483,13.3851,1,1,0
0,3,85,1,1,210,-599.059,12.7306,1,1,0
0,3,86,1,1,178,-548.018,11.815,1,1,0
0,3,87,1,1,146,-512.697,11.8135,1,1,0
0,3,88,1,1,234,-629.432,13.8788,1,1,0
0,3,89,1,1,202,-588.864,12.6186,1,1,0
0,3,90,1,1,170,-521.1,11.8205,1,1,0
0,3,91,1,1,138,-508.511,12.4201,1,1,0
0,3,92,1,1,226,-616.422,12.9666,1,1,0
0,3,93,1,1,194,-575.626,12.3702,1,1,0
0,3,94,1,1,162,-528.003,11.8784,1,1,0
0,3,95,1,1,130,-483.599,13.5446,1,1,0
0,3,96,1,1,249,-670.885,14.6462,1,1,0
0,3,97,1,1,217,-612.387,13.3572,1,1,0
0,3,98,1,1,185,-544.83,13.5146,1,1,0
0,3,99,1,1,153,-523.772,13.5806,1,1,0
0,3,100,1,1,241,-654.552,14.3899,1,1,0
0,3,101,1,1,209,-594.573,12.7177,1,1,0
0,3,102,1,1,177,-540.428,12.7683,1,1,0
0,3,103,1,1,145,-503.608,12.7931,1,1,0
0,3,104,1,1,233,-640.596,15.8513,1,1,0
0,3,105,1,1,201,-569.62,14.3251,1,1,0
0,3,106,1,1,169,-528.73,12.8872,1,1,0
0,3,107,1,1,137,-507.994,13.153,1,1,0
0,3,108,1,1,225,-626.03,14.2373,1,1,0
0,3,109,1,1,193,-564.429,13.9054,1,1,0
0,3,110,1,1,161,-526.478,12.468,1,1,0
0,3,111,1,1,129,-491.847,14.1662,1,1,0
0,3,112,1,1,248,-664.366,13.9472,1,1,0
0,3,113,1,1,216,-598.522,12.7162,1,1,0
0,3,114,1,1,184,-540.629,12.0583,1,1,0
0,3,115,1,1,152,-513.099,12.2854,1,1,0
0,3,116,1,1,240,-637.447,13.7558,1,1,0
0,3,117,1,1,208,-600.77,12.2068,1,1,0
0,3,118,1,1,176,-534.313,11.5786,1,1,0
0,3,119,1,1,144,-503.633,11.8793,1,1,0
0,3,120,1,1,232,-628.421,14.0135,1,1,0
0,3,121,1,1,200,-572.06,12.4242,1,1,0
0,3,122,1,1,168,-525.273,11.6002,1,1,0
0,3,123,1,1,136,-496.958,12.4999,1,1,0
0,3,124,1,1,224,-616.438,12.8476,1,1,0
0,3,125,1,1,192,-576.421,11.9433,1,1,0
0,3,126,1,1,160,-522.13,11.7344,1,1,0
0,3,127,1,1,128,-454.349,15.2976,1,1,0
1,0,0,2,0,127,-703.882,14.2605,1,1,0
1,0,1,2,0,95,-631.623,12.7697,1,1,0
1,0,2,2,0,63,-565.345,12.881,1,1,0
1,0,3,2,0,31,-533.58,11.3965,1,1,0
1,0,4,2,0,119,-685.887,12.9982,1,1,0
1,0,5,2,0,87,-619.989,12.398,1,1,0
1,0,6,2,0,55,-566.633,13.3567,1,1,0
1,0,7,2,0,23,-538.473,11.531,1,1,0
1,0,8,2,0,111,-669.375,12.6964,1,1,0
1,0,9,2,0,79,-595.715,11.4345,1,1,0
1,0,10,2,0,47,-532.697,12.1068,1,1,0
1,0,11,2,0,15,-527.67,11.7789,1,1,0
1,0,12,2,0,103,-656.773,13.8307,1,1,0
1,0,13,2,0,71,-590.8,11.2512,1,1,0
1,0,14,2,0,39,-527.58,11.6301,1,1,0
1,0,15,2,0,7,-519.115,11.7803,1,1,0
1,0,16,2,0,126,-673.979,14.1552,1,1,0
1,0,17,2,0,94,-622.053,12.7124,1,1,0
1,0,18,2,0,62,-556.464,11.1276,1,1,0
1,0,19,2,0,30,-527.114,10.7143,1,1,0
1,0,20,2,0,118,-676.878,13.0079,1,1,0
1,0,21,2,0,86,-617.924,12.3492,1,1,0
1,0,22,2,0,54,-545.344,10.2656,1,1,0
1,0,23,2,0,22,-530.133,10.6159,1,1,0
1,0,24,2,0,110,-661.043,12.5788,1,1,0
1,0,25,2,0,78,-609.277,11.7678,1,1,0
1,0,26,2,0,46,-534.923,10.5341,1,1,0
1,0,27,2,0,14,-539.143,11.1177,1,1,0
1,0,28,2,0,102,-648.926,12.3588,1,1,0
1,0,29,2,0,70,-590.405,10.9964,1,1,0
1,0,30,2,0,38,-519.437,10.4036,1,1,0
1,0,31,2,0,6,-529.678,11.153,1,1,0
1,0,32,2,0,125,-684.743,13.9304,1,1,0
1,0,33,2,0,93,-621.938,13.0703,1,1,0
1,0,34,2,0,61,-570.439,12.5333,1,1,0
1,0,35,2,0,29,-535.65,11.5426,1,1,0
1,0,36,2,0,117,-671.702,12.9435,1,1,0
1,0,37,2,0,85,-619.231,12.548,1,1,0
1,0,38,2,0,53,-538.45,12.5413,1,1,0
1,0,39,2,0,21,-525.795,11.6187,1,1,0
1,0,40,2,0,109,-652.646,13.5126,1,1,0
1,0,41,2,0,77,-598.754,11.8891,1,1,0
1,0,42,2,0,45,-536.866,12.7138,1,1,0
1,0,43,2,0,13,-527.94,11.7185,1,1,0
1,0,44,2,0,101,-649.407,13.0802,1,1,0
1,0,45,2,0,69,-575.527,12.3428,1,1,0
1,0,46,2,0,37,-527.04,11.4263,1,1,0
1,0,47,2,0,5,-533.211,12.2677,1,1,0
1,0,48,2,0,124,-682.277,13.8694,1,1,0
1,0,49,2,0,92,-613.748,12.2824,1,1,0
1,0,50,2,0,60,-559.327,10.6823,1,1,0
1,0,51,2,0,28,-529.162,10.6363,1,1,0
1,0,52,2,0,116,-676.037,12.3901,1,1,0
1,0,53,2,0,84,-607.398,11.6261,1,1,0
1,0,54,2,0,52,-558.306,10.3224,1,1,0
1,0,55,2,0,20,-523.706,10.6116,1,1,0
1,0,56,2,0,108,-652.553,12.5136,1,1,0
1,0,57,2,0,76,-599.986,11.2295,1,1,0
1,0,58,2,0,44,-525.499,10.8629,1,1,0
1,0,59,2,0,12,-535.713,11.0806,1,1,0
1,0,60,2,0,100,-657.995,11.7963,1,1,0
1,0,61,2,0,68,-591.913,10.8177,1,1,0
1,0,62,2,0,36,-512.499,10.1455,1,1,0
1,0,63,2,0,4,-527.815,12.2557,1,1,0
1,0,64,2,0,123,-682.143,13.8624,1,1,0
1,0,65,2,0,91,-621.26,12.7063,1,1,0
1,0,66,2,0,59,-561.844,13.2735,1,1,0
1,0,67,2,0,27,-536.464,11.284,1,1,0
1,0,68,2,0,115,-660.943,12.7894,1,1,0
1,0,69,2,0,83,-620.758,12.4417,1,1,0
1,0,70,2,0,51,-540.607,12.3879,1,1,0
1,0,71,2,0,19,-533.639,11.1861,1,1,0
1,0,72,2,0,107,-648.245,13.6489,1,1,0
1,0,73,2,0,75,-593.776,11.7036,1,1,0
1,0,74,2,0,43,-536.7,12.2427,1,1,0
1,0,75,2,0,11,-537.059,11.6845,1,1,0
1,0,76,2,0,99,-648.048,12.3723,1,1,0
1,0,77,2,0,67,-583.234,11.3991,1,1,0
1,0,78,2,0,35,-519.674,11.1439,1,1,0
1,0,79,2,0,3,-523.866,12.038,1,1,0
1,0,80,2,0,122,-690.163,13.643,1,1,0
1,0,81,2,0,90,-615.543,12.4065,1,1,0
1,0,82,2,0,58,-565.458,10.4204,1,1,0
1,0,83,2,0,26,-536.872,10.5833,1,1,0
1,0,84,2,0,114,-670.252,12.5946,1,1,0
1,0,85,2,0,82,-609.259,11.8709,1,1,0
1,0,86,2,0,50,-537.711,10.3506,1,1,0
1,0,87,2,0,18,-538.214,10.4117,1,1,0
1,0,88,2,0,106,-655.424,12.402,1,1,0
1,0,89,2,0,74,-603.098,11.3038,1,1,0
1,0,90,2,0,42,-531.733,10.5221,1,1,0
1,0,91,2,0,10,-520.435,11.1839,1,1,0
1,0,92,2,0,98,-660.654,11.7454,1,1,0
1,0,93,2,0,66,-589.048,10.8624,1,1,0
1,0,94,2,0,34,-525.414,10.4983,1,1,0
1,0,95,2,0,2,-518.272,12.0627,1,1,0
1,0,96,2,0,121,-681.679,13.509,1,1,0
1,0,97,2,0,89,-638.773,12.0568,1,1,0
1,0,98,2,0,57,-554.752,13.1418,1,1,0
1,0,99,2,0,25,-523.587,12.2106,1,1,0
1,0,100,2,0,113,-671.806,12.7298,1,1,0
1,0,101,2,0,81,-609.203,11.7354,1,1,0
1,0,102,2,0,49,-536.809,12.0586,1,1,0
1,0,103,2,0,17,-524.622,11.4117,1,1,0
1,0,104,2,0,105,-658.765,13.4819,1,1,0
1,0,105,2,0,73,-587.141,12.1863,1,1,0
1,0,106,2,0,41,-535.196,11.9177,1,1,0
1,0,107,2,0,9,-520.294,11.7587,1,1,0
1,0,108,2,0,97,-644.758,12.1952,1,1,0
1,0,109,2,0,65,-555.672,12.1408,1,1,0
1,0,110,2,0,33,-521.045,11.5332,1,1,0
1,0,111,2,0,1,-517.87,12.6204,1,1,0
1,0,112,2,0,120,-685.585,13.2006,1,1,0
1,0,113,2,0,88,-620.316,12.3617,1,1,0
1,0,114,2,0,56,-549.987,10.4619,1,1,0
1,0,115,2,0,24,-530.509,10.9654,1,1,0
1,0,116,2,0,112,-669.892,12.23,1,1,0
1,0,117,2,0,80,-612.014,11.3338,1,1,0
1,0,118,2,0,48,-529.43,10.2713,1,1,0
1,0,119,2,0,16,-524.747,10.5906,1,1,0
1,0,120,2,0,104,-648.919,12.643,1,1,0
1,0,121,2,0,72,-593.315,10.9498,1,1,0
1,0,122,2,0,40,-514.429,10.2304,1,1,0
1,0,123,2,0,8,-523.23,11.2149,1,1,0
1,0,124,2,0,96,-641.19,11.82,1,1,0
1,0,125,2,0,64,-589.854,10.4744,1,1,0
1,0,126,2,0,32,-510.501,10.3917,1,1,0
1,0,127,2,0,0,-532.533,12.7904,1,1,0
1,1,0,2,0,255,-752.513,16.2099,1,1,0
1,1,1,2,0,223,-668.075,14.0701,1,1,0
1,1,2,2,0,191,-577.406,14.6957,1,1,0
1,1,3,2,0,159,-561.514,13.4763,1,1,0
1,1,4,2,0,247,-723.667,14.6494,1,1,0
1,1,5,2,0,215,-647.739,13.8425,1,1,0
1,1,6,2,0,183,-580.173,14.9801,1,1,0
1,1,7,2,0,151,-577.841,13.7054,1,1,0
1,1,8,2,0,239,-712.345,14.8751,1,1,0
1,1,9,2,0,207,-636.541,14.6135,1,1,0
1,1,10,2,0,175,-547.007,13.6168,1,1,0
1,1,11,2,0,143,-561.168,13.9566,1,1,0
1,1,12,2,0,231,-701.89,16.023,1,1,0
1,1,13,2,0,199,-614.666,14.1867,1,1,0
1,1,14,2,0,167,-563.403,13.1658,1,1,0
1,1,15,2,0,135,-564.144,13.7706,1,1,0
1,1,16,2,0,254,-709.384,16.0549,1,1,0
1,1,17,2,0,222,-667.89,13.3928,1,1,0
1,1,18,2,0,190,-570.558,13.2545,1,1,0
1,1,19,2,0,158,-551.891,12.8244,1,1,0
1,1,20,2,0,246,-735.386,14.1897,1,1,0
1,1,21,2,0,214,-643.725,13.6718,1,1,0
1,1,22,2,0,182,-576.808,12.3397,1,1,0
1,1,23,2,0,150,-556.215,12.6585,1,1,0
1,1,24,2,0,238,-699.273,14.0941,1,1,0
1,1,25,2,0,206,-635.928,14.048,1,1,0
1,1,26,2,0,174,-555.348,12.3462,1,1,0
1,1,27,2,0,142,-565.72,12.9567,1,1,0
1,1,28,2,0,230,-684.768,13.5243,1,1,0
1,1,29,2,0,198,-610.788,13.1488,1,1,0
1,1,30,2,0,166,-554.56,12.2591,1,1,0
1,1,31,2,0,134,-554.925,13.0487,1,1,0
1,1,32,2,0,253,-723.331,15.6298,1,1,0
1,1,33,2,0,221,-671.562,14.2918,1,1,0
1,1,34,2,0,189,-572.629,14.3651,1,1,0
1,1,35,2,0,157,-564.474,13.6585,1,1,0
1,1,36,2,0,245,-709.747,14.801,1,1,0
1,1,37,2,0,213,-651.04,13.8042,1,1,0
1,1,38,2,0,181,-566.629,14.04,1,1,0
1,1,39,2,0,149,-566.3,13.6688,1,1,0
1,1,40,2,0,237,-691.238,15.5079,1,1,0
1,1,41,2,0,205,-625.483,14.7721,1,1,0
1,1,42,2,0,173,-549.374,14.3591,1,1,0
1,1,43,2,0,141,-572.657,13.6656,1,1,0
1,1,44,2,0,229,-674.183,15.6025,1,1,0
1,1,45,2,0,197,-599.747,15.1508,1,1,0
1,1,46,2,0,165,-573.028,13.1066,1,1,0
1,1,47,2,0,133,-548.185,14.5729,1,1,0
1,1,48,2,0,252,-711.137,15.2264,1,1,0
1,1,49,2,0,220,-663.067,13.1976,1,1,0
1,1,50,2,0,188,-577.829,12.7909,1,1,0
1,1,51,2,0,156,-557.367,12.6304,1,1,0
1,1,52,2,0,244,-717.805,13.7418,1,1,0
1,1,53,2,0,212,-658.858,12.9181,1,1,0
1,1,54,2,0,180,-564.927,12.4094,1,1,0
1,1,55,2,0,148,-571.529,12.5597,1,1,0
1,1,56,2,0,236,-693.365,13.9343,1,1,0
1,1,57,2,0,204,-647.806,13.0318,1,1,0
1,1,58,2,0,172,-567.008,12.7917,1,1,0
1,1,59,2,0,140,-561.751,12.7731,1,1,0
1,1,60,2,0,228,-688.899,13.0846,1,1,0
1,1,61,2,0,196,-619.95,13.3771,1,1,0
1,1,62,2,0,164,-554.902,11.8492,1,1,0
1,1,63,2,0,132,-533.072,14.5114,1,1,0
1,1,64,2,0,251,-731.378,15.3383,1,1,0
1,1,65,2,0,219,-662.688,13.8034,1,1,0
1,1,66,2,0,187,-564.167,14.8151,1,1,0
1,1,67,2,0,155,-559.449,13.3968,1,1,0
1,1,68,2,0,243,-719.202,14.644,1,1,0
1,1,69,2,0,211,-642.503,14.158,1,1,0
1,1,70,2,0,179,-555.901,13.9747,1,1,0
1,1,71,2,0,147,-581.805,13.1028,1,1,0
1,1,72,2,0,235,-702.164,15.3285,1,1,0
1,1,73,2,0,203,-607.973,13.983,1,1,0
1,1,74,2,0,171,-558.849,13.7472,1,1,0
1,1,75,2,0,139,-559.357,13.5266,1,1,0
1,1,76,2,0,227,-680.23,14.2486,1,1,0
1,1,77,2,0,195,-599.325,14.6804,1,1,0
1,1,78,2,0,163,-549.572,12.8927,1,1,0
1,1,79,2,0,131,-553.635,14.5464,1,1,0
1,1,80,2,0,250,-717.549,14.7743,1,1,0
1,1,81,2,0,218,-672.006,13.1593,1,1,0
1,1,82,2,0,186,-585.626,12.605,1,1,0
1,1,83,2,0,154,-557.143,12.6041,1,1,0
1,1,84,2,0,242,-712.536,14.0882,1,1,0
1,1,85,2,0,210,-632.137,14.1014,1,1,0
1,1,86,2,0,178,-564.979,12.3419,1,1,0
1,1,87,2,0,146,-561.086,12.3636,1,1,0
1,1,88,2,0,234,-677.814,13.9468,1,1,0
1,1,89,2,0,202,-632.778,13.8816,1,1,0
1,1,90,2,0,170,-558.285,12.4875,1,1,0
1,1,91,2,0,138,-556.304,12.8839,1,1,0
1,1,92,2,0,226,-690.545,13.0041,1,1,0
1,1,93,2,0,194,-606.389,12.9493,1,1,0
1,1,94,2,0,162,-570.555,12.6251,1,1,0
1,1,95,2,0,130,-520.573,14.3688,1,1,0
1,1,96,2,0,249,-712.093,15.3066,1,1,0
1,1,97,2,0,217,-660.592,13.8043,1,1,0
1,1,98,2,0,185,-562.848,14.747,1,1,0
1,1,99,2,0,153,-571.625,14.4566,1,1,0
1,1,100,2,0,241,-727.853,14.7561,1,1,0
1,1,101,2,0,209,-634.891,14.3494,1,1,0
1,1,102,2,0,177,-558.598,13.751,1,1,0
1,1,103,2,0,145,-565.046,13.4972,1,1,0
1,1,104,2,0,233,-688.975,15.8773,1,1,0
1,1,105,2,0,201,-611.676,15.7837,1,1,0
1,1,106,2,0,169,-559.852,13.7548,1,1,0
1,1,107,2,0,137,-554.049,13.8171,1,1,0
1,1,108,2,0,225,-685.312,14.0836,1,1,0
1,1,109,2,0,193,-594.694,14.9972,1,1,0
1,1,110,2,0,161,-554.466,13.2136,1,1,0
1,1,111,2,0,129,-536.528,15.1293,1,1,0
1,1,112,2,0,248,-724.708,14.559,1,1,0
1,1,113,2,0,216,-674.269,13.1185,1,1,0
1,1,114,2,0,184,-574.276,12.6701,1,1,0
1,1,115,2,0,152,-561.76,13.1593,1,1,0
1,1,116,2,0,240,-700.246,13.7722,1,1,0
1,1,117,2,0,208,-643.059,13.0816,1,1,0
1,1,118,2,0,176,-560.333,12.1928,1,1,0
1,1,119,2,0,144,-580.608,12.4304,1,1,0
1,1,120,2,0,232,-694.378,14.0193,1,1,0
1,1,121,2,0,200,-617.216,13.3611,1,1,0
1,1,122,2,0,168,-555.426,12.1328,1,1,0
1,1,123,2,0,136,-555.595,13.0727,1,1,0
1,1,124,2,0,224,-685.102,12.8399,1,1,0
1,1,125,2,0,192,-617.316,13.1159,1,1,0
1,1,126,2,0,160,-554.639,12.2316,1,1,0
1,1,127,2,0,128,-516.395,15.393,1,1,0
1,2,0,2,1,127,-714.048,14.8983,1,1,0
1,2,1,2,1,95,-642.16,12.4792,1,1,0
1,2,2,2,1,63,-574.926,13.1218,1,1,0
1,2,3,2,1,31,-564.754,11.8707,1,1,0
1,2,4,2,1,119,-671.734,14.089,1,1,0
1,2,5,2,1,87,-631.088,11.7859,1,1,0
1,2,6,2,1,55,-585.49,13.7787,1,1,0
1,2,7,2,1,23,-552.039,12.0419,1,1,0
1,2,8,2,1,111,-674.146,13.948,1,1,0
1,2,9,2,1,79,-615.439,11.721,1,1,0
1,2,10,2,1,47,-574.013,12.3366,1,1,0
1,2,11,2,1,15,-543.286,12.3027,1,1,0
1,2,12,2,1,103,-662.695,15.101,1,1,0
1,2,13,2,1,71,-609.014,11.535,1,1,0
1,2,14,2,1,39,-573.619,11.9192,1,1,0
1,2,15,2,1,7,-523.62,12.2083,1,1,0
1,2,16,2,1,126,-676.231,14.9299,1,1,0
1,2,17,2,1,94,-643.066,12.4744,1,1,0
1,2,18,2,1,62,-586.088,11.815,1,1,0
1,2,19,2,1,30,-558.2,11.0093,1,1,0
1,2,20,2,1,118,-686.27,13.2792,1,1,0
1,2,21,2,1,86,-634.721,11.7665,1,1,0
1,2,22,2,1,54,-582.857,10.7775,1,1,0
1,2,23,2,1,22,-552.906,10.8132,1,1,0
1,2,24,2,1,110,-659.539,14.1571,1,1,0
1,2,25,2,1,78,-620.65,11.8277,1,1,0
1,2,26,2,1,46,-565.997,10.6426,1,1,0
1,2,27,2,1,14,-543.603,11.3448,1,1,0
1,2,28,2,1,102,-650.666,13.3498,1,1,0
1,2,29,2,1,70,-597.959,11.3858,1,1,0
1,2,30,2,1,38,-564.004,10.6296,1,1,0
1,2,31,2,1,6,-533.355,11.4797,1,1,0
1,2,32,2,1,125,-693.04,14.1301,1,1,0
1,2,33,2,1,93,-651.683,13.2526,1,1,0
1,2,34,2,1,61,-582.197,12.7502,1,1,0
1,2,35,2,1,29,-558.543,12.0223,1,1,0
1,2,36,2,1,117,-674.877,14.0796,1,1,0
1,2,37,2,1,85,-630.549,11.7453,1,1,0
1,2,38,2,1,53,-598.185,12.7114,1,1,0
1,2,39,2,1,21,-548.931,12.0665,1,1,0
1,2,40,2,1,109,-679.195,14.3212,1,1,0
1,2,41,2,1,77,-617.627,12.0304,1,1,0
1,2,42,2,1,45,-577.033,12.8469,1,1,0
1,2,43,2,1,13,-537.816,12.1803,1,1,0
1,2,44,2,1,101,-668.413,14.1546,1,1,0
1,2,45,2,1,69,-593.754,12.913,1,1,0
1,2,46,2,1,37,-556.573,11.7716,1,1,0
1,2,47,2,1,5,-534.648,12.6154,1,1,0
1,2,48,2,1,124,-706.792,13.9199,1,1,0
1,2,49,2,1,92,-633.479,11.9462,1,1,0
1,2,50,2,1,60,-597.94,11.2787,1,1,0
1,2,51,2,1,28,-565.778,10.91,1,1,0
1,2,52,2,1,116,-689.028,12.7267,1,1,0
1,2,53,2,1,84,-630.418,11.613,1,1,0
1,2,54,2,1,52,-576.208,10.7686,1,1,0
1,2,55,2,1,20,-543.492,10.8961,1,1,0
1,2,56,2,1,108,-670.769,13.746,1,1,0
1,2,57,2,1,76,-619.098,11.4589,1,1,0
1,2,58,2,1,44,-565.23,11.0899,1,1,0
1,2,59,2,1,12,-542.685,11.3566,1,1,0
1,2,60,2,1,100,-658.799,13.1746,1,1,0
1,2,61,2,1,68,-597.413,11.3101,1,1,0
1,2,62,2,1,36,-554.794,10.4208,1,1,0
1,2,63,2,1,4,-512.917,12.5632,1,1,0
1,2,64,2,1,123,-691.245,13.9509,1,1,0
1,2,65,2,1,91,-637.781,12.2107,1,1,0
1,2,66,2,1,59,-595.615,13.4498,1,1,0
1,2,67,2,1,27,-564.594,11.7614,1,1,0
1,2,68,2,1,115,-668.943,14.2588,1,1,0
1,2,69,2,1,83,-628.182,11.7718,1,1,0
1,2,70,2,1,51,-586.099,12.6394,1,1,0
1,2,71,2,1,19,-555.321,11.6428,1,1,0
1,2,72,2,1,107,-670.717,14.7704,1,1,0
1,2,73,2,1,75,-620.775,11.9361,1,1,0
1,2,74,2,1,43,-567.982,12.4594,1,1,0
1,2,75,2,1,11,-540.529,12.0981,1,1,0
1,2,76,2,1,99,-659.633,13.5855,1,1,0
1,2,77,2,1,67,-600.138,12.0532,1,1,0
1,2,78,2,1,35,-564.688,11.5297,1,1,0
1,2,79,2,1,3,-524.665,12.6503,1,1,0
1,2,80,2,1,122,-691.242,13.8073,1,1,0
1,2,81,2,1,90,-645.352,12.4418,1,1,0
1,2,82,2,1,58,-595.033,11.0948,1,1,0
1,2,83,2,1,26,-552.731,11.0203,1,1,0
1,2,84,2,1,114,-684.878,13.1303,1,1,0
1,2,85,2,1,82,-623.174,11.8508,1,1,0
1,2,86,2,1,50,-573.957,10.6383,1,1,0
1,2,87,2,1,18,-557.823,10.6697,1,1,0
1,2,88,2,1,106,-658.062,13.8305,1,1,0
1,2,89,2,1,74,-621.02,11.5892,1,1,0
1,2,90,2,1,42,-565.21,10.6611,1,1,0
1,2,91,2,1,10,-535.845,11.4528,1,1,0
1,2,92,2,1,98,-657.46,13.0534,1,1,0
1,2,93,2,1,66,-607.925,11.4108,1,1,0
1,2,94,2,1,34,-550.035,10.8828,1,1,0
1,2,95,2,1,2,-518.038,12.7427,1,1,0
1,2,96,2,1,121,-690.912,13.7279,1,1,0
1,2,97,2,1,89,-629.5,11.9285,1,1,0
1,2,98,2,1,57,-585.427,13.391,1,1,0
1,2,99,2,1,25,-568.983,12.7493,1,1,0
1,2,100,2,1,113,-677.904,13.7099,1,1,0
1,2,101,2,1,81,-611.009,11.5186,1,1,0
1,2,102,2,1,49,-582.831,12.3248,1,1,0
1,2,103,2,1,17,-550.867,11.813,1,1,0
1,2,104,2,1,105,-669.627,14.6698,1,1,0
1,2,105,2,1,73,-613.018,12.6569,1,1,0
1,2,106,2,1,41,-576.86,12.1466,1,1,0
1,2,107,2,1,9,-540.957,12.1461,1,1,0
1,2,108,2,1,97,-656.538,13.2783,1,1,0
1,2,109,2,1,65,-593.94,12.6352,1,1,0
1,2,110,2,1,33,-569.64,12.0384,1,1,0
1,2,111,2,1,1,-506.381,14.5072,1,1,0
1,2,112,2,1,120,-686.445,13.5968,1,1,0
1,2,113,2,1,88,-648.583,12.324,1,1,0
1,2,114,2,1,56,-580.319,10.9827,1,1,0
1,2,115,2,1,24,-558.162,11.2623,1,1,0
1,2,116,2,1,112,-684.231,12.7813,1,1,0
1,2,117,2,1,80,-615.486,11.3199,1,1,0
1,2,118,2,1,48,-580.84,10.4802,1,1,0
1,2,119,2,1,16,-542.509,10.851,1,1,0
1,2,120,2,1,104,-658.377,13.8418,1,1,0
1,2,121,2,1,72,-618.999,11.4077,1,1,0
1,2,122,2,1,40,-568.915,10.48,1,1,0
1,2,123,2,1,8,-533.211,11.5873,1,1,0
1,2,124,2,1,96,-645.754,12.3091,1,1,0
1,2,125,2,1,64,-598.233,11.1837,1,1,0
1,2,126,2,1,32,-551.969,10.7326,1,1,0
1,2,127,2,1,0,-507.356,15.571,1,1,0
1,3,0,2,1,255,-698.793,15.1913,1,1,0
1,3,1,2,1,223,-682.072,13.8715,1,1,0
1,3,2,2,1,191,-604.539,14.1739,1,1,0
1,3,3,2,1,159,-588.262,12.9743,1,1,0
1,3,4,2,1,247,-713.029,13.992,1,1,0
1,3,5,2,1,215,-646.003,14.457,1,1,0
1,3,6,2,1,183,-619.348,14.6438,1,1,0
1,3,7,2,1,151,-582.612,13.0973,1,1,0
1,3,8,2,1,239,-704.348,14.4617,1,1,0
1,3,9,2,1,207,-636.433,14.7312,1,1,0
1,3,10,2,1,175,-590.1,12.9964,1,1,0
1,3,11,2,1,143,-560.787,13.233,1,1,0
1,3,12,2,1,231,-668.072,16.1589,1,1,0
1,3,13,2,1,199,-635.758,14.5869,1,1,0
1,3,14,2,1,167,-583.784,12.7088,1,1,0
1,3,15,2,1,135,-549.3,13.1491,1,1,0
1,3,16,2,1,254,-698.302,15.2713,1,1,0
1,3,17,2,1,222,-665.513,13.4353,1,1,0
1,3,18,2,1,190,-631.613,13.9191,1,1,0
1,3,19,2,1,158,-579.811,12.2308,1,1,0
1,3,20,2,1,246,-705.626,13.639,1,1,0
1,3,21,2,1,214,-665.336,13.0026,1,1,0
1,3,22,2,1,182,-600.673,12.0568,1,1,0
1,3,23,2,1,150,-549.96,12.2529,1,1,0
1,3,24,2,1,238,-702.111,13.5073,1,1,0
1,3,25,2,1,206,-648.103,14.2266,1,1,0
1,3,26,2,1,174,-588.798,12.0494,1,1,0
1,3,27,2,1,142,-558.278,12.4524,1,1,0
1,3,28,2,1,230,-676.113,12.9882,1,1,0
1,3,29,2,1,198,-630.348,13.8374,1,1,0
1,3,30,2,1,166,-580.455,11.8451,1,1,0
1,3,31,2,1,134,-545.172,12.5403,1,1,0
1,3,32,2,1,253,-695.685,14.9523,1,1,0
1,3,33,2,1,221,-658.514,14.8575,1,1,0
1,3,34,2,1,189,-605.401,13.6782,1,1,0
1,3,35,2,1,157,-578.381,13.001,1,1,0
1,3,36,2,1,245,-704.334,14.276,1,1,0
1,3,37,2,1,213,-645.539,14.627,1,1,0
1,3,38,2,1,181,-598.45,13.4339,1,1,0
1,3,39,2,1,149,-556.968,13.2002,1,1,0
1,3,40,2,1,237,-688.072,14.8583,1,1,0
1,3,41,2,1,205,-615.487,13.6614,1,1,0
1,3,42,2,1,173,-586.352,13.6488,1,1,0
1,3,43,2,1,141,-572.633,12.9604,1,1,0
1,3,44,2,1,229,-679.6,15.1682,1,1,0
1,3,45,2,1,197,-591.713,14.3178,1,1,0
1,3,46,2,1,165,-576.168,12.6177,1,1,0
1,3,47,2,1,133,-544.606,13.694,1,1,0
1,3,48,2,1,252,-714.463,14.6523,1,1,0
1,3,49,2,1,220,-676.493,13.0232,1,1,0
1,3,50,2,1,188,-617.169,12.7198,1,1,0
1,3,51,2,1,156,-583.239,12.0375,1,1,0
1,3,52,2,1,244,-704.948,13.2498,1,1,0
1,3,53,2,1,212,-664.681,12.8797,1,1,0
1,3,54,2,1,180,-589.082,12.103,1,1,0
1,3,55,2,1,148,-568.627,11.9644,1,1,0
1,3,56,2,1,236,-689.162,13.3816,1,1,0
1,3,57,2,1,204,-626.803,13.6537,1,1,0
1,3,58,2,1,172,-591.563,12.3426,1,1,0
1,3,59,2,1,140,-563.121,12.3557,1,1,0
1,3,60,2,1,228,-664.926,12.9303,1,1,0
1,3,61,2,1,196,-641.375,13.9972,1,1,0
1,3,62,2,1,164,-571.695,11.6826,1,1,0
1,3,63,2,1,132,-544.241,13.4893,1,1,0
1,3,64,2,1,251,-695.317,14.5777,1,1,0
1,3,65,2,1,219,-669.374,13.4117,1,1,0
1,3,66,2,1,187,-618.606,14.7451,1,1,0
1,3,67,2,1,155,-574.343,12.7911,1,1,0
1,3,68,2,1,243,-698.805,14.1102,1,1,0
1,3,69,2,1,211,-642.548,14.5182,1,1,0
1,3,70,2,1,179,-592.344,13.2741,1,1,0
1,3,71,2,1,147,-546.668,12.8285,1,1,0
1,3,72,2,1,235,-695.876,14.9678,1,1,0
1,3,73,2,1,203,-634.883,14.395,1,1,0
1,3,74,2,1,171,-589.272,13.295,1,1,0
1,3,75,2,1,139,-561.093,13.0238,1,1,0
1,3,76,2,1,227,-672.41,13.949,1,1,0
1,3,77,2,1,195,-615.072,14.5615,1,1,0
1,3,78,2,1,163,-569.938,12.5207,1,1,0
1,3,79,2,1,131,-552.096,13.9527,1,1,0
1,3,80,2,1,250,-709.521,14.102,1,1,0
1,3,81,2,1,218,-653.658,13.8315,1,1,0
1,3,82,2,1,186,-589.698,12.3725,1,1,0
1,3,83,2,1,154,-568.382,12.1852,1,1,0
1,3,84,2,1,242,-696.435,13.458,1,1,0
1,3,85,2,1,210,-647.847,14.1062,1,1,0
1,3,86,2,1,178,-592.756,12.0647,1,1,0
1,3,87,2,1,146,-563.565,11.965,1,1,0
1,3,88,2,1,234,-672.523,13.3621,1,1,0
1,3,89,2,1,202,-637.113,14.2751,1,1,0
1,3,90,2,1,170,-584.174,12.0878,1,1,0
1,3,91,2,1,138,-549.738,12.5264,1,1,0
1,3,92,2,1,226,-666.457,12.8219,1,1,0
1,3,93,2,1,194,-625.4,13.3417,1,1,0
1,3,94,2,1,162,-588.061,12.1076,1,1,0
1,3,95,2,1,130,-535.866,13.5613,1,1,0
1,3,96,2,1,249,-704.025,14.7298,1,1,0
1,3,97,2,1,217,-635.265,14.8145,1,1,0
1,3,98,2,1,185,-612.273,14.0726,1,1,0
1,3,99,2,1,153,-580.738,13.6496,1,1,0
1,3,100,2,1,241,-702.455,14.2016,1,1,0
1,3,101,2,1,209,-631.005,14.1969,1,1,0
1,3,102,2,1,177,-595.158,13.1026,1,1,0
1,3,103,2,1,145,-570.42,12.8197,1,1,0
1,3,104,2,1,233,-681.663,15.5974,1,1,0
1,3,105,2,1,201,-617.118,14.9027,1,1,0
1,3,106,2,1,169,-586.908,13.206,1,1,0
1,3,107,2,1,137,-544.163,13.3685,1,1,0
1,3,108,2,1,225,-687.234,13.7128,1,1,0
1,3,109,2,1,193,-618.371,14.6687,1,1,0
1,3,110,2,1,161,-572.08,12.8098,1,1,0
1,3,111,2,1,129,-539.181,14.2776,1,1,0
1,3,112,2,1,248,-706.678,13.9794,1,1,0
1,3,113,2,1,216,-668.558,12.9054,1,1,0
1,3,114,2,1,184,-590.442,12.3392,1,1,0
1,3,115,2,1,152,-577.342,12.3763,1,1,0
1,3,116,2,1,240,-702.972,13.252,1,1,0
1,3,117,2,1,208,-637.959,13.8576,1,1,0
1,3,118,2,1,176,-601.484,11.8858,1,1,0
1,3,119,2,1,144,-566.822,11.9486,1,1,0
1,3,120,2,1,232,-692.379,13.4448,1,1,0
1,3,121,2,1,200,-638.295,14.0576,1,1,0
1,3,122,2,1,168,-568.778,11.8643,1,1,0
1,3,123,2,1,136,-547.204,12.5331,1,1,0
1,3,124,2,1,224,-658.09,13.0567,1,1,0
1,3,125,2,1,192,-625.033,12.9825,1,1,0
1,3,126,2,1,160,-566.884,11.8773,1,1,0
1,3,127,2,1,128,-517.075,15.1707,1,1,0
2,0,0,1,0,127,-642.824,14.903,1,1,0
2,0,1,1,0,95,-603.969,11.901,1,1,0
2,0,2,1,0,63,-563.262,12.6791,1,1,0
2,0,3,1,0,31,-545.711,11.5031,1,1,0
2,0,4,1,0,119,-630.843,13.9395,1,1,0
2,0,5,1,0,87,-588.579,11.4725,1,1,0
2,0,6,1,0,55,-569.749,13.313,1,1,0
2,0,7,1,0,23,-546.708,11.7686,1,1,0
2,0,8,1,0,111,-619.026,13.3534,1,1,0
2,0,9,1,0,79,-598.533,11.5766,1,1,0
2,0,10,1,0,47,-561.586,11.8694,1,1,0
2,0,11,1,0,15,-536.209,11.8686,1,1,0
2,0,12,1,0,103,-610.678,13.9949,1,1,0
2,0,13,1,0,71,-583.352,11.3315,1,1,0
2,0,14,1,0,39,-554.675,11.4016,1,1,0
2,0,15,1,0,7,-537.519,11.7977,1,1,0
2,0,16,1,0,126,-626.659,14.8233,1,1,0
2,0,17,1,0,94,-595.238,11.683,1,1,0
2,0,18,1,0,62,-554.144,11.2372,1,1,0
2,0,19,1,0,30,-535.394,10.6769,1,1,0
2,0,20,1,0,118,-636.799,13.6834,1,1,0
2,0,21,1,0,86,-589.136,11.3499,1,1,0
2,0,22,1,0,54,-553.221,10.2502,1,1,0
2,0,23,1,0,22,-542.618,10.615,1,1,0
2,0,24,1,0,110,-618.422,13.2752,1,1,0
2,0,25,1,0,78,-582.356,11.2984,1,1,0
2,0,26,1,0,46,-560.738,10.3058,1,1,0
2,0,27,1,0,14,-527.322,10.9522,1,1,0
2,0,28,1,0,102,-610.734,12.4094,1,1,0
2,0,29,1,0,70,-583.326,10.7783,1,1,0
2,0,30,1,0,38,-555.452,10.2165,1,1,0
2,0,31,1,0,6,-537.362,11.1579,1,1,0
2,0,32,1,0,125,-638.512,14.5767,1,1,0
2,0,33,1,0,93,-608.944,12.2182,1,1,0
2,0,34,1,0,61,-562.938,12.3753,1,1,0
2,0,35,1,0,29,-540.634,11.524,1,1,0
2,0,36,1,0,117,-618.948,13.7814,1,1,0
2,0,37,1,0,85,-582.75,11.6211,1,1,0
2,0,38,1,0,53,-561.041,12.2703,1,1,0
2,0,39,1,0,21,-535.802,11.8445,1,1,0
2,0,40,1,0,109,-614.761,14.1251,1,1,0
2,0,41,1,0,77,-571.568,11.9316,1,1,0
2,0,42,1,0,45,-544.935,12.3841,1,1,0
2,0,43,1,0,13,-545.993,11.7198,1,1,0
2,0,44,1,0,101,-615.199,13.2199,1,1,0
2,0,45,1,0,69,-567.812,12.3722,1,1,0
2,0,46,1,0,37,-559.284,11.3288,1,1,0
2,0,47,1,0,5,-534.456,12.2739,1,1,0
2,0,48,1,0,124,-622.683,14.3693,1,1,0
2,0,49,1,0,92,-586.731,11.4913,1,1,0
2,0,50,1,0,60,-552.832,10.7404,1,1,0
2,0,51,1,0,28,-542.459,10.6148,1,1,0
2,0,52,1,0,116,-622.879,13.1401,1,1,0
2,0,53,1,0,84,-588.786,11.1878,1,1,0
2,0,54,1,0,52,-551.622,10.3038,1,1,0
2,0,55,1,0,20,-545.979,10.6349,1,1,0
2,0,56,1,0,108,-612.64,12.9137,1,1,0
2,0,57,1,0,76,-599.115,10.9821,1,1,0
2,0,58,1,0,44,-551.133,10.5944,1,1,0
2,0,59,1,0,12,-540.647,10.9866,1,1,0
2,0,60,1,0,100,-595.974,11.8213,1,1,0
2,0,61,1,0,68,-574.006,10.6749,1,1,0
2,0,62,1,0,36,-538.528,10.0524,1,1,0
2,0,63,1,0,4,-533.502,12.3882,1,1,0
2,0,64,1,0,123,-651.231,14.0976,1,1,0
2,0,65,1,0,91,-591.905,11.8027,1,1,0
2,0,66,1,0,59,-560.138,13.0167,1,1,0
2,0,67,1,0,27,-543.965,11.4125,1,1,0
2,0,68,1,0,115,-631.158,13.7236,1,1,0
2,0,69,1,0,83,-584.325,11.5654,1,1,0
2,0,70,1,0,51,-562.003,12.1639,1,1,0
2,0,71,1,0,19,-542.913,11.2959,1,1,0
2,0,72,1,0,107,-603.632,14.0058,1,1,0
2,0,73,1,0,75,-565.587,11.8108,1,1,0
2,0,74,1,0,43,-555.553,11.966,1,1,0
2,0,75,1,0,11,-543.506,11.6751,1,1,0
2,0,76,1,0,99,-597.978,12.3966,1,1,0
2,0,77,1,0,67,-568.63,11.7978,1,1,0
2,0,78,1,0,35,-545.683,11.0722,1,1,0
2,0,79,1,0,3,-524.1,12.2329,1,1,0
2,0,80,1,0,122,-627.839,14.2374,1,1,0
2,0,81,1,0,90,-585.981,11.431,1,1,0
2,0,82,1,0,58,-567.921,10.6087,1,1,0
2,0,83,1,0,26,-552.675,10.5092,1,1,0
2,0,84,1,0,114,-620.261,13.3339,1,1,0
2,0,85,1,0,82,-589.081,11.35,1,1,0
2,0,86,1,0,50,-549.292,10.2161,1,1,0
2,0,87,1,0,18,-536.788,10.3503,1,1,0
2,0,88,1,0,106,-609.032,12.7134,1,1,0
2,0,89,1,0,74,-572.934,11.1711,1,1,0
2,0,90,1,0,42,-550.243,10.2563,1,1,0
2,0,91,1,0,10,-533.137,11.0426,1,1,0
2,0,92,1,0,98,-607.611,11.9439,1,1,0
2,0,93,1,0,66,-574.178,10.8763,1,1,0
2,0,94,1,0,34,-536.315,10.5268,1,1,0
2,0,95,1,0,2,-523.942,12.2257,1,1,0
2,0,96,1,0,121,-620.692,14.106,1,1,0
2,0,97,1,0,89,-586.238,11.6367,1,1,0
2,0,98,1,0,57,-571.759,13.0535,1,1,0
2,0,99,1,0,25,-539.771,12.4662,1,1,0
2,0,100,1,0,113,-619.239,13.4792,1,1,0
2,0,101,1,0,81,-574.939,11.3999,1,1,0
2,0,102,1,0,49,-551.404,11.865,1,1,0
2,0,103,1,0,17,-539.154,11.475,1,1,0
2,0,104,1,0,105,-622.972,14.0223,1,1,0
2,0,105,1,0,73,-577.051,12.4584,1,1,0
2,0,106,1,0,41,-539.049,11.7917,1,1,0
2,0,107,1,0,9,-526.364,11.8745,1,1,0
2,0,108,1,0,97,-595.675,12.0443,1,1,0
2,0,109,1,0,65,-551.552,12.1663,1,1,0
2,0,110,1,0,33,-559.128,11.5017,1,1,0
2,0,111,1,0,1,-514.097,12.8499,1,1,0
2,0,112,1,0,120,-641.738,13.8002,1,1,0
2,0,113,1,0,88,-591.767,11.2884,1,1,0
2,0,114,1,0,56,-561.407,10.4669,1,1,0
2,0,115,1,0,24,-531.576,11.0174,1,1,0
2,0,116,1,0,112,-628.293,13.0996,1,1,0
2,0,117,1,0,80,-592.763,10.7769,1,1,0
2,0,118,1,0,48,-550.654,10.0171,1,1,0
2,0,119,1,0,16,-532.623,10.4907,1,1,0
2,0,120,1,0,104,-601.382,12.6672,1,1,0
2,0,121,1,0,72,-564.526,10.8597,1,1,0
2,0,122,1,0,40,-545.652,10.1516,1,1,0
2,0,123,1,0,8,-546.524,11.2251,1,1,0
2,0,124,1,0,96,-605.742,11.6348,1,1,0
2,0,125,1,0,64,-585.07,10.5558,1,1,0
2,0,126,1,0,32,-524.912,10.1911,1,1,0
2,0,127,1,0,0,-543.251,13.2829,1,1,0
2,1,0,1,0,255,-633.14,16.3408,1,1,0
2,1,1,1,0,223,-609.729,14.1111,1,1,0
2,1,2,1,0,191,-550.275,12.8651,1,1,0
2,1,3,1,0,159,-528.444,12.2935,1,1,0
2,1,4,1,0,247,-630.443,15.0091,1,1,0
2,1,5,1,0,215,-599.253,12.6259,1,1,0
2,1,6,1,0,183,-549.991,12.8914,1,1,0
2,1,7,1,0,151,-541.801,12.7181,1,1,0
2,1,8,1,0,239,-622.729,15.182,1,1,0
2,1,9,1,0,207,-585.227,12.8036,1,1,0
2,1,10,1,0,175,-557.769,12.2636,1,1,0
2,1,11,1,0,143,-507.969,12.8089,1,1,0
2,1,12,1,0,231,-611.921,16.1913,1,1,0
2,1,13,1,0,199,-566.209,12.6642,1,1,0
2,1,14,1,0,167,-531.004,12.094,1,1,0
2,1,15,1,0,135,-512.475,13.0012,1,1,0
2,1,16,1,0,254,-617.214,16.1898,1,1,0
2,1,17,1,0,222,-602.418,13.0056,1,1,0
2,1,18,1,0,190,-555.356,12.2303,1,1,0
2,1,19,1,0,158,-524.425,11.9413,1,1,0
2,1,20,1,0,246,-633.528,14.4571,1,1,0
2,1,21,1,0,214,-594.221,12.4511,1,1,0
2,1,22,1,0,182,-551.88,11.5817,1,1,0
2,1,23,1,0,150,-519.063,11.9448,1,1,0
2,1,24,1,0,238,-624.913,14.3722,1,1,0
2,1,25,1,0,206,-590.923,12.4048,1,1,0
2,1,26,1,0,174,-543,11.6368,1,1,0
2,1,27,1,0,142,-521.88,12.2789,1,1,0
2,1,28,1,0,230,-609.499,13.2785,1,1,0
2,1,29,1,0,198,-572.77,11.9693,1,1,0
2,1,30,1,0,166,-527.812,11.5525,1,1,0
2,1,31,1,0,134,-503.702,12.5126,1,1,0
2,1,32,1,0,253,-624.788,15.9151,1,1,0
2,1,33,1,0,221,-605.861,14.0357,1,1,0
2,1,34,1,0,189,-553.906,12.7249,1,1,0
2,1,35,1,0,157,-526.747,12.3487,1,1,0
2,1,36,1,0,245,-641.034,14.6335,1,1,0
2,1,37,1,0,213,-590.247,12.758,1,1,0
2,1,38,1,0,181,-535.456,12.6078,1,1,0
2,1,39,1,0,149,-516.854,12.7467,1,1,0
2,1,40,1,0,237,-609.009,15.0995,1,1,0
2,1,41,1,0,205,-583.864,12.7378,1,1,0
2,1,42,1,0,173,-524.647,12.941,1,1,0
2,1,43,1,0,141,-528.56,12.7735,1,1,0
2,1,44,1,0,229,-607.165,15.4502,1,1,0
2,1,45,1,0,197,-553.097,13.7704,1,1,0
2,1,46,1,0,165,-531.229,12.1208,1,1,0
2,1,47,1,0,133,-509.984,13.6036,1,1,0
2,1,48,1,0,252,-617.169,15.5664,1,1,0
2,1,49,1,0,220,-603.419,12.7868,1,1,0
2,1,50,1,0,188,-551.225,11.8537,1,1,0
2,1,51,1,0,156,-531.231,11.7771,1,1,0
2,1,52,1,0,244,-615.398,13.9156,1,1,0
2,1,53,1,0,212,-591.725,12.2092,1,1,0
2,1,54,1,0,180,-537.495,11.547,1,1,0
2,1,55,1,0,148,-520.385,11.8236,1,1,0
2,1,56,1,0,236,-618.198,14.1316,1,1,0
2,1,57,1,0,204,-585.194,12.1386,1,1,0
2,1,58,1,0,172,-523.734,12.0481,1,1,0
2,1,59,1,0,140,-503.679,12.1882,1,1,0
2,1,60,1,0,228,-588.148,12.5903,1,1,0
2,1,61,1,0,196,-590.539,11.7375,1,1,0
2,1,62,1,0,164,-521.189,11.3277,1,1,0
2,1,63,1,0,132,-501.027,13.5388,1,1,0
2,1,64,1,0,251,-638.549,15.3225,1,1,0
2,1,65,1,0,219,-581.618,13.0593,1,1,0
2,1,66,1,0,187,-540.51,12.8286,1,1,0
2,1,67,1,0,155,-537.024,12.2002,1,1,0
2,1,68,1,0,243,-631.083,14.7399,1,1,0
2,1,69,1,0,211,-578.165,12.59,1,1,0
2,1,70,1,0,179,-539.148,12.3885,1,1,0
2,1,71,1,0,147,-522.48,12.2718,1,1,0
2,1,72,1,0,235,-614.653,15.5016,1,1,0
2,1,73,1,0,203,-571.965,12.5301,1,1,0
2,1,74,1,0,171,-532.073,12.4647,1,1,0
2,1,75,1,0,139,-522.55,12.6959,1,1,0
2,1,76,1,0,227,-618.738,14.6093,1,1,0
2,1,77,1,0,195,-574.884,13.7027,1,1,0
2,1,78,1,0,163,-531.431,11.8232,1,1,0
2,1,79,1,0,131,-504.636,13.8164,1,1,0
2,1,80,1,0,250,-621.203,15.1957,1,1,0
2,1,81,1,0,218,-596.437,12.6005,1,1,0
2,1,82,1,0,186,-531.452,11.7476,1,1,0
2,1,83,1,0,154,-525.043,11.862,1,1,0
2,1,84,1,0,242,-623.387,14.3551,1,1,0
2,1,85,1,0,210,-583.366,12.3798,1,1,0
2,1,86,1,0,178,-527.045,11.614,1,1,0
2,1,87,1,0,146,-515.786,11.7205,1,1,0
2,1,88,1,0,234,-601.951,13.2813,1,1,0
2,1,89,1,0,202,-582.819,12.217,1,1,0
2,1,90,1,0,170,-540.324,11.6792,1,1,0
2,1,91,1,0,138,-503.626,12.3131,1,1,0
2,1,92,1,0,226,-610.721,13.0343,1,1,0
2,1,93,1,0,194,-569.83,11.978,1,1,0
2,1,94,1,0,162,-522.697,11.7729,1,1,0
2,1,95,1,0,130,-489.841,13.4745,1,1,0
2,1,96,1,0,249,-632.01,15.5788,1,1,0
2,1,97,1,0,217,-601.016,13.1082,1,1,0
2,1,98,1,0,185,-555.908,12.8545,1,1,0
2,1,99,1,0,153,-534.992,13.2305,1,1,0
2,1,100,1,0,241,-618.41,15.0014,1,1,0
2,1,101,1,0,209,-585.568,12.5184,1,1,0
2,1,102,1,0,177,-557.246,12.3406,1,1,0
2,1,103,1,0,145,-516.384,12.5925,1,1,0
2,1,104,1,0,233,-628.696,16.2171,1,1,0
2,1,105,1,0,201,-567.871,13.9769,1,1,0
2,1,106,1,0,169,-535.329,12.5199,1,1,0
2,1,107,1,0,137,-511.047,13.1907,1,1,0
2,1,108,1,0,225,-604.907,13.8974,1,1,0
2,1,109,1,0,193,-559.088,13.7541,1,1,0
2,1,110,1,0,161,-536.059,11.9098,1,1,0
2,1,111,1,0,129,-497.408,14.019,1,1,0
2,1,112,1,0,248,-604.417,14.3713,1,1,0
2,1,113,1,0,216,-598.653,12.5236,1,1,0
2,1,114,1,0,184,-538.753,11.7736,1,1,0
2,1,115,1,0,152,-521.43,12.1686,1,1,0
2,1,116,1,0,240,-623.789,14.0373,1,1,0
2,1,117,1,0,208,-589.205,11.9305,1,1,0
2,1,118,1,0,176,-518.731,11.4753,1,1,0
2,1,119,1,0,144,-525.81,11.7237,1,1,0
2,1,120,1,0,232,-594.996,13.3389,1,1,0
2,1,121,1,0,200,-574.549,11.9172,1,1,0
2,1,122,1,0,168,-538.524,11.4371,1,1,0
2,1,123,1,0,136,-508.465,12.4629,1,1,0
2,1,124,1,0,224,-602.045,12.491,1,1,0
2,1,125,1,0,192,-566.149,11.6559,1,1,0
2,1,126,1,0,160,-521.76,11.4701,1,1,0
2,1,127,1,0,128,-461.56,14.336,1,1,0
2,2,0,1,1,127,-737.227,15.805,1,1,0
2,2,1,1,1,95,-669.587,13.221,1,1,0
2,2,2,1,1,63,-636.021,13.1634,1,1,0
2,2,3,1,1,31,-589.767,11.7943,1,1,0
2,2,4,1,1,119,-721.156,13.8559,1,1,0
2,2,5,1,1,87,-667.38,12.7497,1,1,0
2,2,6,1,1,55,-630.872,13.6792,1,1,0
2,2,7,1,1,23,-594.094,12.1182,1,1,0
2,2,8,1,1,111,-707.941,13.4936,1,1,0
2,2,9,1,1,79,-649.626,12.3988,1,1,0
2,2,10,1,1,47,-612.491,12.3737,1,1,0
2,2,11,1,1,15,-562.651,12.4824,1,1,0
2,2,12,1,1,103,-689.36,14.9029,1,1,0
2,2,13,1,1,71,-646.161,12.0753,1,1,0
2,2,14,1,1,39,-589.733,12.0589,1,1,0
2,2,15,1,1,7,-559.24,12.2157,1,1,0
2,2,16,1,1,126,-728.407,14.7079,1,1,0
2,2,17,1,1,94,-662.433,13.0965,1,1,0
2,2,18,1,1,62,-619.098,11.593,1,1,0
2,2,19,1,1,30,-573.109,11.1512,1,1,0
2,2,20,1,1,118,-717.575,13.6142,1,1,0
2,2,21,1,1,86,-663.413,12.8794,1,1,0
2,2,22,1,1,54,-622.934,10.8208,1,1,0
2,2,23,1,1,22,-575.502,11.0595,1,1,0
2,2,24,1,1,110,-692.287,13.3297,1,1,0
2,2,25,1,1,78,-646.31,12.181,1,1,0
2,2,26,1,1,46,-590.264,10.8511,1,1,0
2,2,27,1,1,14,-561.54,11.4966,1,1,0
2,2,28,1,1,102,-699.647,12.7538,1,1,0
2,2,29,1,1,70,-650.525,11.8614,1,1,0
2,2,30,1,1,38,-587.203,10.7947,1,1,0
2,2,31,1,1,6,-558.458,11.5925,1,1,0
2,2,32,1,1,125,-713.024,14.7108,1,1,0
2,2,33,1,1,93,-681.842,12.8535,1,1,0
2,2,34,1,1,61,-617.09,12.9818,1,1,0
2,2,35,1,1,29,-568.07,12.0227,1,1,0
2,2,36,1,1,117,-712.631,13.8193,1,1,0
2,2,37,1,1,85,-665.358,12.8742,1,1,0
2,2,38,1,1,53,-613.566,12.9512,1,1,0
2,2,39,1,1,21,-586.385,12.3214,1,1,0
2,2,40,1,1,109,-710.232,14.2812,1,1,0
2,2,41,1,1,77,-649.35,12.6385,1,1,0
2,2,42,1,1,45,-603.873,12.8214,1,1,0
2,2,43,1,1,13,-566.177,12.2063,1,1,0
2,2,44,1,1,101,-685.624,13.8386,1,1,0
2,2,45,1,1,69,-625.17,13.419,1,1,0
2,2,46,1,1,37,-599.008,11.8681,1,1,0
2,2,47,1,1,5,-564.25,12.5892,1,1,0
2,2,48,1,1,124,-719.189,14.4564,1,1,0
2,2,49,1,1,92,-668.373,12.9504,1,1,0
2,2,50,1,1,60,-617.633,11.2836,1,1,0
2,2,51,1,1,28,-577.318,11.1072,1,1,0
2,2,52,1,1,116,-707.35,13.0664,1,1,0
2,2,53,1,1,84,-672.866,12.5314,1,1,0
2,2,54,1,1,52,-598.161,10.8444,1,1,0
2,2,55,1,1,20,-567.718,11.1281,1,1,0
2,2,56,1,1,108,-688.704,13.1573,1,1,0
2,2,57,1,1,76,-649.386,11.9473,1,1,0
2,2,58,1,1,44,-575.452,11.2179,1,1,0
2,2,59,1,1,12,-561.311,11.4885,1,1,0
2,2,60,1,1,100,-681.985,12.7025,1,1,0
2,2,61,1,1,68,-639.101,11.4117,1,1,0
2,2,62,1,1,36,-576.408,10.5467,1,1,0
2,2,63,1,1,4,-559.261,12.7202,1,1,0
2,2,64,1,1,123,-718.34,14.63,1,1,0
2,2,65,1,1,91,-666.763,13.0842,1,1,0
2,2,66,1,1,59,-619.056,13.6336,1,1,0
2,2,67,1,1,27,-577.261,11.8576,1,1,0
2,2,68,1,1,115,-707.299,13.7393,1,1,0
2,2,69,1,1,83,-656.946,12.6529,1,1,0
2,2,70,1,1,51,-620.819,12.6607,1,1,0
2,2,71,1,1,19,-573.187,11.7689,1,1,0
2,2,72,1,1,107,-701.754,14.5117,1,1,0
2,2,73,1,1,75,-646.296,12.3789,1,1,0
2,2,74,1,1,43,-595.719,12.5746,1,1,0
2,2,75,1,1,11,-562.079,12.3254,1,1,0
2,2,76,1,1,99,-683.46,13.117,1,1,0
2,2,77,1,1,67,-633.55,12.5654,1,1,0
2,2,78,1,1,35,-584.105,11.7611,1,1,0
2,2,79,1,1,3,-547.776,12.7651,1,1,0
2,2,80,1,1,122,-711.327,14.2831,1,1,0
2,2,81,1,1,90,-658.461,12.897,1,1,0
2,2,82,1,1,58,-612.4,11.1416,1,1,0
2,2,83,1,1,26,-576.491,11.1291,1,1,0
2,2,84,1,1,114,-700.317,13.3819,1,1,0
2,2,85,1,1,82,-667.941,12.7779,1,1,0
2,2,86,1,1,50,-594.906,10.8308,1,1,0
2,2,87,1,1,18,-569.972,10.8869,1,1,0
2,2,88,1,1,106,-702.608,12.9863,1,1,0
2,2,89,1,1,74,-659.929,12.4274,1,1,0
2,2,90,1,1,42,-585.078,10.8915,1,1,0
2,2,91,1,1,10,-566.913,11.6192,1,1,0
2,2,92,1,1,98,-671.769,13.176,1,1,0
2,2,93,1,1,66,-643.182,11.6088,1,1,0
2,2,94,1,1,34,-576.66,11.01,1,1,0
2,2,95,1,1,2,-538.72,12.7869,1,1,0
2,2,96,1,1,121,-715.023,14.2963,1,1,0
2,2,97,1,1,89,-660.015,12.8131,1,1,0
2,2,98,1,1,57,-608.003,13.5104,1,1,0
2,2,99,1,1,25,-591.306,12.8097,1,1,0
2,2,100,1,1,113,-698.02,13.798,1,1,0
2,2,101,1,1,81,-649.411,12.1165,1,1,0
2,2,102,1,1,49,-609.337,12.4213,1,1,0
2,2,103,1,1,17,-580.976,11.9212,1,1,0
2,2,104,1,1,105,-687.135,14.6979,1,1,0
2,2,105,1,1,73,-633.142,13.2654,1,1,0
2,2,106,1,1,41,-594.843,12.4202,1,1,0
2,2,107,1,1,9,-569.386,12.3962,1,1,0
2,2,108,1,1,97,-701.251,12.5408,1,1,0
2,2,109,1,1,65,-630.278,13.1675,1,1,0
2,2,110,1,1,33,-590.794,11.9761,1,1,0
2,2,111,1,1,1,-534.963,13.4869,1,1,0
2,2,112,1,1,120,-706.363,13.9289,1,1,0
2,2,113,1,1,88,-654.61,12.5683,1,1,0
2,2,114,1,1,56,-619.995,11.047,1,1,0
2,2,115,1,1,24,-569.878,11.5447,1,1,0
2,2,116,1,1,112,-700.017,12.9715,1,1,0
2,2,117,1,1,80,-656.203,11.9807,1,1,0
2,2,118,1,1,48,-604.769,10.6127,1,1,0
2,2,119,1,1,16,-582.584,10.9988,1,1,0
2,2,120,1,1,104,-691.272,13.171,1,1,0
2,2,121,1,1,72,-659.133,12.2642,1,1,0
2,2,122,1,1,40,-580.218,10.6949,1,1,0
2,2,123,1,1,8,-560.896,11.8519,1,1,0
2,2,124,1,1,96,-689.69,12.1073,1,1,0
2,2,125,1,1,64,-640.787,11.0641,1,1,0
2,2,126,1,1,32,-562.142,10.836,1,1,0
2,2,127,1,1,0,-554.574,14.734,1,1,0
2,3,0,1,1,255,-676.074,15.2116,1,1,0
2,3,1,1,1,223,-599.594,13.8051,1,1,0
2,3,2,1,1,191,-554.099,13.4112,1,1,0
2,3,3,1,1,159,-519.5,12.7405,1,1,0
2,3,4,1,1,247,-676.16,13.9971,1,1,0
2,3,5,1,1,215,-595.831,12.8388,1,1,0
2,3,6,1,1,183,-564.915,13.7027,1,1,0
2,3,7,1,1,151,-514.821,13.0891,1,1,0
2,3,8,1,1,239,-640.57,14.9621,1,1,0
2,3,9,1,1,207,-581.576,13.1111,1,1,0
2,3,10,1,1,175,-550.142,12.7147,1,1,0
2,3,11,1,1,143,-516.639,13.2281,1,1,0
2,3,12,1,1,231,-637.843,16.1206,1,1,0
2,3,13,1,1,199,-578.605,12.8563,1,1,0
2,3,14,1,1,167,-535.869,12.4258,1,1,0
2,3,15,1,1,135,-501.498,13.1096,1,1,0
2,3,16,1,1,254,-651.414,15.4203,1,1,0
2,3,17,1,1,222,-598.227,13.1601,1,1,0
2,3,18,1,1,190,-568.392,12.502,1,1,0
2,3,19,1,1,158,-520.838,12.0702,1,1,0
2,3,20,1,1,246,-659.45,13.726,1,1,0
2,3,21,1,1,214,-588.419,12.7743,1,1,0
2,3,22,1,1,182,-544.21,11.8155,1,1,0
2,3,23,1,1,150,-508.552,12.043,1,1,0
2,3,24,1,1,238,-644.181,13.9662,1,1,0
2,3,25,1,1,206,-580.869,12.8494,1,1,0
2,3,26,1,1,174,-533.497,11.7389,1,1,0
2,3,27,1,1,142,-499.214,12.2942,1,1,0
2,3,28,1,1,230,-639.084,13.4645,1,1,0
2,3,29,1,1,198,-580.761,12.5315,1,1,0
2,3,30,1,1,166,-535.876,11.6675,1,1,0
2,3,31,1,1,134,-509.945,12.496,1,1,0
2,3,32,1,1,253,-663.025,14.8883,1,1,0
2,3,33,1,1,221,-606.433,13.9201,1,1,0
2,3,34,1,1,189,-536.9,13.3327,1,1,0
2,3,35,1,1,157,-509.528,12.7609,1,1,0
2,3,36,1,1,245,-670.185,14.2026,1,1,0
2,3,37,1,1,213,-594.223,13.1292,1,1,0
2,3,38,1,1,181,-541.003,13.1228,1,1,0
2,3,39,1,1,149,-513.454,13.0332,1,1,0
2,3,40,1,1,237,-641.751,15.3189,1,1,0
2,3,41,1,1,205,-568.765,13.0763,1,1,0
2,3,42,1,1,173,-530.164,13.2367,1,1,0
2,3,43,1,1,141,-505.84,12.9878,1,1,0
2,3,44,1,1,229,-639.136,15.5686,1,1,0
2,3,45,1,1,197,-560.861,14.13,1,1,0
2,3,46,1,1,165,-532.8,12.2924,1,1,0
2,3,47,1,1,133,-501.349,13.6377,1,1,0
2,3,48,1,1,252,-664.268,14.5748,1,1,0
2,3,49,1,1,220,-599.246,12.8958,1,1,0
2,3,50,1,1,188,-542.669,12.2549,1,1,0
2,3,51,1,1,156,-507.285,12.0183,1,1,0
2,3,52,1,1,244,-662.854,13.2341,1,1,0
2,3,53,1,1,212,-600.658,12.5704,1,1,0
2,3,54,1,1,180,-539.217,11.8031,1,1,0
2,3,55,1,1,148,-506.955,11.8916,1,1,0
2,3,56,1,1,236,-635.21,14.0758,1,1,0
2,3,57,1,1,204,-579.319,12.5298,1,1,0
2,3,58,1,1,172,-534.153,12.0735,1,1,0
2,3,59,1,1,140,-502.383,12.2872,1,1,0
2,3,60,1,1,228,-613.778,12.9714,1,1,0
2,3,61,1,1,196,-572.554,12.4732,1,1,0
2,3,62,1,1,164,-514.135,11.4356,1,1,0
2,3,63,1,1,132,-495.167,13.5844,1,1,0
2,3,64,1,1,251,-665.218,14.6701,1,1,0
2,3,65,1,1,219,-601.384,13.231,1,1,0
2,3,66,1,1,187,-548.147,13.7965,1,1,0
2,3,67,1,1,155,-510.388,12.6707,1,1,0
2,3,68,1,1,243,-661.914,14.1509,1,1,0
2,3,69,1,1,211,-588.612,12.8461,1,1,0
2,3,70,1,1,179,-543.195,12.9583,1,1,0
2,3,71,1,1,147,-510.455,12.6757,1,1,0
2,3,72,1,1,235,-637.443,15.4816,1,1,0
2,3,73,1,1,203,-580.416,12.8188,1,1,0
2,3,74,1,1,171,-535.881,12.951,1,1,0
2,3,75,1,1,139,-502.256,12.9294,1,1,0
2,3,76,1,1,227,-629.869,14.4379,1,1,0
2,3,77,1,1,195,-570.217,14.0719,1,1,0
2,3,78,1,1,163,-538.669,12.2315,1,1,0
2,3,79,1,1,131,-487.117,13.8272,1,1,0
2,3,80,1,1,250,-665.733,14.2711,1,1,0
2,3,81,1,1,218,-592.113,12.8318,1,1,0
2,3,82,1,1,186,-550.532,12.0457,1,1,0
2,3,83,1,1,154,-520.138,12.0783,1,1,0
2,3,84,1,1,242,-661.483,13.3851,1,1,0
2,3,85,1,1,210,-599.059,12.7306,1,1,0
2,3,86,1,1,178,-548.018,11.815,1,1,0
2,3,87,1,1,146,-512.697,11.8135,1,1,0
2,3,88,1,1,234,-629.432,13.8788,1,1,0
2,3,89,1,1,202,-588.864,12.6186,1,1,0
2,3,90,1,1,170,-521.1,11.8205,1,1,0
2,3,91,1,1,138,-508.511,12.4201,1,1,0
2,3,92,1,1,226,-616.422,12.9666,1,1,0
2,3,93,1,1,194,-575.626,12.3702,1,1,0
2,3,94,1,1,162,-528.003,11.8784,1,1,0
2,3,95,1,1,130,-483.599,13.5446,1,1,0
2,3,96,1,1,249,-670.885,14.6462,1,1,0
2,3,97,1,1,217,-612.387,13.3572,1,1,0
2,3,98,1,1,185,-544.83,13.5146,1,1,0
2,3,99,1,1,153,-523.772,13.5806,1,1,0
2,3,100,1,1,241,-654.552,14.3899,1,1,0
2,3,101,1,1,209,-594.573,12.7177,1,1,0
2,3,102,1,1,177,-540.428,12.7683,1,1,0
2,3,103,1,1,145,-503.608,12.7931,1,1,0
2,3,104,1,1,233,-640.596,15.8513,1,1,0
2,3,105,1,1,201,-569.62,14.3251,1,1,0
2,3,106,1,1,169,-528.73,12.8872,1,1,0
2,3,107,1,1,137,-507.994,13.153,1,1,0
2,3,108,1,1,225,-626.03,14.2373,1,1,0
2,3,109,1,1,193,-564.429,13.9054,1,1,0
2,3,110,1,1,161,-526.478,12.468,1,1,0
2,3,111,1,1,129,-491.847,14.1662,1,1,0
2,3,112,1,1,248,-664.366,13.9472,1,1,0
2,3,113,1,1,216,-598.522,12.7162,1,1,0
2,3,114,1,1,184,-540.629,12.0583,1,1,0
2,3,115,1,1,152,-513.099,12.2854,1,1,0
2,3,116,1,1,240,-637.447,13.7558,1,1,0
2,3,117,1,1,208,-600.77,12.2068,1,1,0
2,3,118,1,1,176,-534.313,11.5786,1,1,0
2,3,119,1,1,144,-503.633,11.8793,1,1,0
2,3,120,1,1,232,-628.421,14.0135,1,1,0
2,3,121,1,1,200,-572.06,12.4242,1,1,0
2,3,122,1,1,168,-525.273,11.6002,1,1,0
2,3,123,1,1,136,-496.958,12.4999,1,1,0
2,3,124,1,1,224,-616.438,12.8476,1,1,0
2,3,125,1,1,192,-576.421,11.9433,1,1,0
2,3,126,1,1,160,-522.13,11.7344,1,1,0
2,3,127,1,1,128,-454.349,15.2976,1,1,0
3,0,0,1,0,127,-642.824,14.903,1,1,0
3,0,1,1,0,95,-603.969,11.901,1,1,0
3,0,2,1,0,63,-563.262,12.6791,1,1,0
3,0,3,1,0,31,-545.711,11.5031,1,1,0
3,0,4,1,0,119,-630.843,13.9395,1,1,0
3,0,5,1,0,87,-588.579,11.4725,1,1,0
3,0,6,1,0,55,-569.749,13.313,1,1,0
3,0,7,1,0,23,-546.708,11.7686,1,1,0
3,0,8,1,0,111,-619.026,13.3534,1,1,0
3,0,9,1,0,79,-598.533,11.5766,1,1,0
3,0,10,1,0,47,-561.586,11.8694,1,1,0
3,0,11,1,0,15,-536.209,11.8686,1,1,0
3,0,12,1,0,103,-610.678,13.9949,1,1,0
3,0,13,1,0,71,-583.352,11.3315,1,1,0
3,0,14,1,0,39,-554.675,11.4016,1,1,0
3,0,15,1,0,7,-537.519,11.7977,1,1,0
3,0,16,1,0,126,-626.659,14.8233,1,1,0
3,0,17,1,0,94,-595.238,11.683,1,1,0
3,0,18,1,0,62,-554.144,11.2372,1,1,0
3,0,19,1,0,30,-535.394,10.6769,1,1,0
3,0,20,1,0,118,-636.799,13.6834,1,1,0
3,0,21,1,0,86,-589.136,11.3499,1,1,0
3,0,22,1,0,54,-553.221,10.2502,1,1,0
3,0,23,1,0,22,-542.618,10.615,1,1,0
3,0,24,1,0,110,-618.422,13.2752,1,1,0
3,0,25,1,0,78,-582.356,11.2984,1,1,0
3,0,26,1,0,46,-560.738,10.3058,1,1,0
3,0,27,1,0,14,-527.322,10.9522,1,1,0
3,0,28,1,0,102,-610.734,12.4094,1,1,0
3,0,29,1,0,70,-583.326,10.7783,1,1,0
3,0,30,1,0,38,-555.452,10.2165,1,1,0
3,0,31,1,0,6,-537.362,11.1579,1,1,0
3,0,32,1,0,125,-638.512,14.5767,1,1,0
3,0,33,1,0,93,-608.944,12.2182,1,1,0
3,0,34,1,0,61,-562.938,12.3753,1,1,0
3,0,35,1,0,29,-540.634,11.524,1,1,0
3,0,36,1,0,117,-618.948,13.7814,1,1,0
3,0,37,1,0,85,-582.75,11.6211,1,1,0
3,0,38,1,0,53,-561.041,12.2703,1,1,0
3,0,39,1,0,21,-535.802,11.8445,1,1,0
3,0,40,1,0,109,-614.761,14.1251,1,1,0
3,0,41,1,0,77,-571.568,11.9316,1,1,0
3,0,42,1,0,45,-544.935,12.3841,1,1,0
3,0,43,1,0,13,-545.993,11.7198,1,1,0
3,0,44,1,0,101,-615.199,13.2199,1,1,0
3,0,45,1,0,69,-567.812,12.3722,1,1,0
3,0,46,1,0,37,-559.284,11.3288,1,1,0
3,0,47,1,0,5,-534.456,12.2739,1,1,0
3,0,48,1,0,124,-622.683,14.3693,1,1,0
3,0,49,1,0,92,-586.731,11.4913,1,1,0
3,0,50,1,0,60,-552.832,10.7404,1,1,0
3,0,51,1,0,28,-542.459,10.6148,1,1,0
3,0,52,1,0,116,-622.879,13.1401,1,1,0
3,0,53,1,0,84,-588.786,11.1878,1,1,0
3,0,54,1,0,52,-551.622,10.3038,1,1,0
3,0,55,1,0,20,-545.979,10.6349,1,1,0
3,0,56,1,0,108,-612.64,12.9137,1,1,0
3,0,57,1,0,76,-599.115,10.9821,1,1,0
3,0,58,1,0,44,-551.133,10.5944,1,1,0
3,0,59,1,0,12,-540.647,10.9866,1,1,0
3,0,60,1,0,100,-595.974,11.8213,1,1,0
3,0,61,1,0,68,-574.006,10.6749,1,1,0
3,0,62,1,0,36,-538.528,10.0524,1,1,0
3,0,63,1,0,4,-533.502,12.3882,1,1,0
3,0,64,1,0,123,-651.231,14.0976,1,1,0
3,0,65,1,0,91,-591.905,11.8027,1,1,0
3,0,66,1,0,59,-560.138,13.0167,1,1,0
3,0,67,1,0,27,-543.965,11.4125,1,1,0
3,0,68,1,0,115,-631.158,13.7236,1,1,0
3,0,69,1,0,83,-584.325,11.5654,1,1,0
3,0,70,1,0,51,-562.003,12.1639,1,1,0
3,0,71,1,0,19,-542.913,11.2959,1,1,0
3,0,72,1,0,107,-603.632,14.0058,1,1,0
3,0,73,1,0,75,-565.587,11.8108,1,1,0
3,0,74,1,0,43,-555.553,11.966,1,1,0
3,0,75,1,0,11,-543.506,11.6751,1,1,0
3,0,76,1,0,99,-597.978,12.3966,1,1,0
3,0,77,1,0,67,-568.63,11.7978,1,1,0
3,0,78,1,0,35,-545.683,11.0722,1,1,0
3,0,79,1,0,3,-524.1,12.2329,1,1,0
3,0,80,1,0,122,-627.839,14.2374,1,1,0
3,0,81,1,0,90,-585.981,11.431,1,1,0
3,0,82,1,0,58,-567.921,10.6087,1,1,0
3,0,83,1,0,26,-552.675,10.5092,1,1,0
3,0,84,1,0,114,-620.261,13.3339,1,1,0
3,0,85,1,0,82,-589.081,11.35,1,1,0
3,0,86,1,0,50,-549.292,10.2161,1,1,0
3,0,87,1,0,18,-536.788,10.3503,1,1,0
3,0,88,1,0,106,-609.032,12.7134,1,1,0
3,0,89,1,0,74,-572.934,11.1711,1,1,0
3,0,90,1,0,42,-550.243,10.2563,1,1,0
3,0,91,1,0,10,-533.137,11.0426,1,1,0
3,0,92,1,0,98,-607.611,11.9439,1,1,0
3,0,93,1,0,66,-574.178,10.8763,1,1,0
3,0,94,1,0,34,-536.315,10.5268,1,1,0
3,0,95,1,0,2,-523.942,12.2257,1,1,0
3,0,96,1,0,121,-620.692,14.106,1,1,0
3,0,97,1,0,89,-586.238,11.6367,1,1,0
3,0,98,1,0,57,-571.759,13.0535,1,1,0
3,0,99,1,0,25,-539.771,12.4662,1,1,0
3,0,100,1,0,113,-619.239,13.4792,1,1,0
3,0,101,1,0,81,-574.939,11.3999,1,1,0
3,0,102,1,0,49,-551.404,11.865,1,1,0
3,0,103,1,0,17,-539.154,11.475,1,1,0
3,0,104,1,0,105,-622.972,14.0223,1,1,0
3,0,105,1,0,73,-577.051,12.4584,1,1,0
3,0,106,1,0,41,-539.049,11.7917,1,1,0
3,0,107,1,0,9,-526.364,11.8745,1,1,0
3,0,108,1,0,97,-595.675,12.0443,1,1,0
3,0,109,1,0,65,-551.552,12.1663,1,1,0
3,0,110,1,0,33,-559.128,11.5017,1,1,0
3,0,111,1,0,1,-514.097,12.8499,1,1,0
3,0,112,1,0,120,-641.738,13.8002,1,1,0
3,0,113,1,0,88,-591.767,11.2884,1,1,0
3,0,114,1,0,56,-561.407,10.4669,1,1,0
3,0,115,1,0,24,-531.576,11.0174,1,1,0
3,0,116,1,0,112,-628.293,13.0996,1,1,0
3,0,117,1,0,80,-592.763,10.7769,1,1,0
3,0,118,1,0,48,-550.654,10.0171,1,1,0
3,0,119,1,0,16,-532.623,10.4907,1,1,0
3,0,120,1,0,104,-601.382,12.6672,1,1,0
3,0,121,1,0,72,-564.526,10.8597,1,1,0
3,0,122,1,0,40,-545.652,10.1516,1,1,0
3,0,123,1,0,8,-546.524,11.2251,1,1,0
3,0,124,1,0,96,-605.742,11.6348,1,1,0
3,0,125,1,0,64,-585.07,10.5558,1,1,0
3,0,126,1,0,32,-524.912,10.1911,1,1,0
3,0,127,1,0,0,-543.251,13.2829,1,1,0
3,1,0,1,0,255,-633.14,16.3408,1,1,0
3,1,1,1,0,223,-609.729,14.1111,1,1,0
3,1,2,1,0,191,-550.275,12.8651,1,1,0
3,1,3,1,0,159,-528.444,12.2935,1,1,0
3,1,4,1,0,247,-630.443,15.0091,1,1,0
3,1,5,1,0,215,-599.253,12.6259,1,1,0
3,1,6,1,0,183,-549.991,12.8914,1,1,0
3,1,7,1,0,151,-541.801,12.7181,1,1,0
3,1,8,1,0,239,-622.729,15.182,1,1,0
3,1,9,1,0,207,-585.227,12.8036,1,1,0
3,1,10,1,0,175,-557.769,12.2636,1,1,0
3,1,11,1,0,143,-507.969,12.8089,1,1,0
3,1,12,1,0,231,-611.921,16.1913,1,1,0
3,1,13,1,0,199,-566.209,12.6642,1,1,0
3,1,14,1,0,167,-531.004,12.094,1,1,0
3,1,15,1,0,135,-512.475,13.0012,1,1,0
3,1,16,1,0,254,-617.214,16.1898,1,1,0
3,1,17,1,0,222,-602.418,13.0056,1,1,0
3,1,18,1,0,190,-555.356,12.2303,1,1,0
3,1,19,1,0,158,-524.425,11.9413,1,1,0
3,1,20,1,0,246,-633.528,14.4571,1,1,0
3,1,21,1,0,214,-594.221,12.4511,1,1,0
3,1,22,1,0,182,-551.88,11.5817,1,1,0
3,1,23,1,0,150,-519.063,11.9448,1,1,0
3,1,24,1,0,238,-624.913,14.3722,1,1,0
3,1,25,1,0,206,-590.923,12.4048,1,1,0
3,1,26,1,0,174,-543,11.6368,1,1,0
3,1,27,1,0,142,-521.88,12.2789,1,1,0
3,1,28,1,0,230,-609.499,13.2785,1,1,0
3,1,29,1,0,198,-572.77,11.9693,1,1,0
3,1,30,1,0,166,-527.812,11.5525,1,1,0
3,1,31,1,0,134,-503.702,12.5126,1,1,0
3,1,32,1,0,253,-624.788,15.9151,1,1,0
3,1,33,1,0,221,-605.861,14.0357,1,1,0
3,1,34,1,0,189,-553.906,12.7249,1,1,0
3,1,35,1,0,157,-526.747,12.3487,1,1,0
3,1,36,1,0,245,-641.034,14.6335,1,1,0
3,1,37,1,0,213,-590.247,12.758,1,1,0
3,1,38,1,0,181,-535.456,12.6078,1,1,0
3,1,39,1,0,149,-516.854,12.7467,1,1,0
3,1,40,1,0,237,-609.009,15.0995,1,1,0
3,1,41,1,0,205,-583.864,12.7378,1,1,0
3,1,42,1,0,173,-524.647,12.941,1,1,0
3,1,43,1,0,141,-528.56,12.7735,1,1,0
3,1,44,1,0,229,-607.165,15.4502,1,1,0
3,1,45,1,0,197,-553.097,13.7704,1,1,0
3,1,46,1,0,165,-531.229,12.1208,1,1,0
3,1,47,1,0,133,-509.984,13.6036,1,1,0
3,1,48,1,0,252,-617.169,15.5664,1,1,0
3,1,49,1,0,220,-603.419,12.7868,1,1,0
3,1,50,1,0,188,-551.225,11.8537,1,1,0
3,1,51,1,0,156,-531.231,11.7771,1,1,0
3,1,52,1,0,244,-615.398,13.9156,1,1,0
3,1,53,1,0,212,-591.725,12.2092,1,1,0
3,1,54,1,0,180,-537.495,11.547,1,1,0
3,1,55,1,0,148,-520.385,11.8236,1,1,0
3,1,56,1,0,236,-618.198,14.1316,1,1,0
3,1,57,1,0,204,-585.194,12.1386,1,1,0
3,1,58,1,0,172,-523.734,12.0481,1,1,0
3,1,59,1,0,140,-503.679,12.1882,1,1,0
3,1,60,1,0,228,-588.148,12.5903,1,1,0
3,1,61,1,0,196,-590.539,11.7375,1,1,0
3,1,62,1,0,164,-521.189,11.3277,1,1,0
3,1,63,1,0,132,-501.027,13.5388,1,1,0
3,1,64,1,0,251,-638.549,15.3225,1,1,0
3,1,65,1,0,219,-581.618,13.0593,1,1,0
3,1,66,1,0,187,-540.51,12.8286,1,1,0
3,1,67,1,0,155,-537.024,12.2002,1,1,0
3,1,68,1,0,243,-631.083,14.7399,1,1,0
3,1,69,1,0,211,-578.165,12.59,1,1,0
3,1,70,1,0,179,-539.148,12.3885,1,1,0
3,1,71,1,0,147,-522.48,12.2718,1,1,0
3,1,72,1,0,235,-614.653,15.5016,1,1,0
3,1,73,1,0,203,-571.965,12.5301,1,1,0
3,1,74,1,0,171,-532.073,12.4647,1,1,0
3,1,75,1,0,139,-522.55,12.6959,1,1,0
3,1,76,1,0,227,-618.738,14.6093,1,1,0
3,1,77,1,0,195,-574.884,13.7027,1,1,0
3,1,78,1,0,163,-531.431,11.8232,1,1,0
3,1,79,1,0,131,-504.636,13.8164,1,1,0
3,1,80,1,0,250,-621.203,15.1957,1,1,0
3,1,81,1,0,218,-596.437,12.6005,1,1,0
3,1,82,1,0,186,-531.452,11.7476,1,1,0
3,1,83,1,0,154,-525.043,11.862,1,1,0
3,1,84,1,0,242,-623.387,14.3551,1,1,0
3,1,85,1,0,210,-583.366,12.3798,1,1,0
3,1,86,1,0,178,-527.045,11.614,1,1,0
3,1,87,1,0,146,-515.786,11.7205,1,1,0
3,1,88,1,0,234,-601.951,13.2813,1,1,0
3,1,89,1,0,202,-582.819,12.217,1,1,0
3,1,90,1,0,170,-540.324,11.6792,1,1,0
3,1,91,1,0,138,-503.626,12.3131,1,1,0
3,1,92,1,0,226,-610.721,13.0343,1,1,0
3,1,93,1,0,194,-569.83,11.978,1,1,0
3,1,94,1,0,162,-522.697,11.7729,1,1,0
3,1,95,1,0,130,-489.841,13.4745,1,1,0
3,1,96,1,0,249,-632.01,15.5788,1,1,0
3,1,97,1,0,217,-601.016,13.1082,1,1,0
3,1,98,1,0,185,-555.908,12.8545,1,1,0
3,1,99,1,0,153,-534.992,13.2305,1,1,0
3,1,100,1,0,241,-618.41,15.0014,1,1,0
3,1,101,1,0,209,-585.568,12.5184,1,1,0
3,1,102,1,0,177,-557.246,12.3406,1,1,0
3,1,103,1,0,145,-516.384,12.5925,1,1,0
3,1,104,1,0,233,-628.696,16.2171,1,1,0
3,1,105,1,0,201,-567.871,13.9769,1,1,0
3,1,106,1,0,169,-535.329,12.5199,1,1,0
3,1,107,1,0,137,-511.047,13.1907,1,1,0
3,1,108,1,0,225,-604.907,13.8974,1,1,0
3,1,109,1,0,193,-559.088,13.7541,1,1,0
3,1,110,1,0,161,-536.059,11.9098,1,1,0
3,1,111,1,0,129,-497.408,14.019,1,1,0
3,1,112,1,0,248,-604.417,14.3713,1,1,0
3,1,113,1,0,216,-598.653,12.5236,1,1,0
3,1,114,1,0,184,-538.753,11.7736,1,1,0
3,1,115,1,0,152,-521.43,12.1686,1,1,0
3,1,116,1,0,240,-623.789,14.0373,1,1,0
3,1,117,1,0,208,-589.205,11.9305,1,1,0
3,1,118,1,0,176,-518.731,11.4753,1,1,0
3,1,119,1,0,144,-525.81,11.7237,1,1,0
3,1,120,1,0,232,-594.996,13.3389,1,1,0
3,1,121,1,0,200,-574.549,11.9172,1,1,0
3,1,122,1,0,168,-538.524,11.4371,1,1,0
3,1,123,1,0,136,-508.465,12.4629,1,1,0
3,1,124,1,0,224,-602.045,12.491,1,1,0
3,1,125,1,0,192,-566.149,11.6559,1,1,0
3,1,126,1,0,160,-521.76,11.4701,1,1,0
3,1,127,1,0,128,-461.56,14.336,1,1,0
3,2,0,1,1,127,-737.227,15.805,1,1,0
3,2,1,1,1,95,-669.587,13.221,1,1,0
3,2,2,1,1,63,-636.021,13.1634,1,1,0
3,2,3,1,1,31,-589.767,11.7943,1,1,0
3,2,4,1,1,119,-721.156,13.8559,1,1,0
3,2,5,1,1,87,-667.38,12.7497,1,1,0
3,2,6,1,1,55,-630.872,13.6792,1,1,0
3,2,7,1,1,23,-594.094,12.1182,1,1,0
3,2,8,1,1,111,-707.941,13.4936,1,1,0
3,2,9,1,1,79,-649.626,12.3988,1,1,0
3,2,10,1,1,47,-612.491,12.3737,1,1,0
3,2,11,1,1,15,-562.651,12.4824,1,1,0
3,2,12,1,1,103,-689.36,14.9029,1,1,0
3,2,13,1,1,71,-646.161,12.0753,1,1,0
3,2,14,1,1,39,-589.733,12.0589,1,1,0
3,2,15,1,1,7,-559.24,12.2157,1,1,0
3,2,16,1,1,126,-728.407,14.7079,1,1,0
3,2,17,1,1,94,-662.433,13.0965,1,1,0
3,2,18,1,1,62,-619.098,11.593,1,1,0
3,2,19,1,1,30,-573.109,11.1512,1,1,0
3,2,20,1,1,118,-717.575,13.6142,1,1,0
3,2,21,1,1,86,-663.413,12.8794,1,1,0
3,2,22,1,1,54,-622.934,10.8208,1,1,0
3,2,23,1,1,22,-575.502,11.0595,1,1,0
3,2,24,1,1,110,-692.287,13.3297,1,1,0
3,2,25,1,1,78,-646.31,12.181,1,1,0
3,2,26,1,1,46,-590.264,10.8511,1,1,0
3,2,27,1,1,14,-561.54,11.4966,1,1,0
3,2,28,1,1,102,-699.647,12.7538,1,1,0
3,2,29,1,1,70,-650.525,11.8614,1,1,0
3,2,30,1,1,38,-587.203,10.7947,1,1,0
3,2,31,1,1,6,-558.458,11.5925,1,1,0
3,2,32,1,1,125,-713.024,14.7108,1,1,0
3,2,33,1,1,93,-681.842,12.8535,1,1,0
3,2,34,1,1,61,-617.09,12.9818,1,1,0
3,2,35,1,1,29,-568.07,12.0227,1,1,0
3,2,36,1,1,117,-712.631,13.8193,1,1,0
3,2,37,1,1,85,-665.358,12.8742,1,1,0
3,2,38,1,1,53,-613.566,12.9512,1,1,0
3,2,39,1,1,21,-586.385,12.3214,1,1,0
3,2,40,1,1,109,-710.232,14.2812,1,1,0
3,2,41,1,1,77,-649.35,12.6385,1,1,0
3,2,42,1,1,45,-603.873,12.8214,1,1,0
3,2,43,1,1,13,-566.177,12.2063,1,1,0
3,2,44,1,1,101,-685.624,13.8386,1,1,0
3,2,45,1,1,69,-625.17,13.419,1,1,0
3,2,46,1,1,37,-599.008,11.8681,1,1,0
3,2,47,1,1,5,-564.25,12.5892,1,1,0
3,2,48,1,1,124,-719.189,14.4564,1,1,0
3,2,49,1,1,92,-668.373,12.9504,1,1,0
3,2,50,1,1,60,-617.633,11.2836,1,1,0
3,2,51,1,1,28,-577.318,11.1072,1,1,0
3,2,52,1,1,116,-707.35,13.0664,1,1,0
3,2,53,1,1,84,-672.866,12.5314,1,1,0
3,2,54,1,1,52,-598.161,10.8444,1,1,0
3,2,55,1,1,20,-567.718,11.1281,1,1,0
3,2,56,1,1,108,-688.704,13.1573,1,1,0
3,2,57,1,1,76,-649.386,11.9473,1,1,0
3,2,58,1,1,44,-575.452,11.2179,1,1,0
3,2,59,1,1,12,-561.311,11.4885,1,1,0
3,2,60,1,1,100,-681.985,12.7025,1,1,0
3,2,61,1,1,68,-639.101,11.4117,1,1,0
3,2,62,1,1,36,-576.408,10.5467,1,1,0
3,2,63,1,1,4,-559.261,12.7202,1,1,0
3,2,64,1,1,123,-718.34,14.63,1,1,0
3,2,65,1,1,91,-666.763,13.0842,1,1,0
3,2,66,1,1,59,-619.056,13.6336,1,1,0
3,2,67,1,1,27,-577.261,11.8576,1,1,0
3,2,68,1,1,115,-707.299,13.7393,1,1,0
3,2,69,1,1,83,-656.946,12.6529,1,1,0
3,2,70,1,1,51,-620.819,12.6607,1,1,0
3,2,71,1,1,19,-573.187,11.7689,1,1,0
3,2,72,1,1,107,-701.754,14.5117,1,1,0
3,2,73,1,1,75,-646.296,12.3789,1,1,0
3,2,74,1,1,43,-595.719,12.5746,1,1,0
3,2,75,1,1,11,-562.079,12.3254,1,1,0
3,2,76,1,1,99,-683.46,13.117,1,1,0
3,2,77,1,1,67,-633.55,12.5654,1,1,0
3,2,78,1,1,35,-584.105,11.7611,1,1,0
3,2,79,1,1,3,-547.776,12.7651,1,1,0
3,2,80,1,1,122,-711.327,14.2831,1,1,0
3,2,81,1,1,90,-658.461,12.897,1,1,0
3,2,82,1,1,58,-612.4,11.1416,1,1,0
3,2,83,1,1,26,-576.491,11.1291,1,1,0
3,2,84,1,1,114,-700.317,13.3819,1,1,0
3,2,85,1,1,82,-667.941,12.7779,1,1,0
3,2,86,1,1,50,-594.906,10.8308,1,1,0
3,2,87,1,1,18,-569.972,10.8869,1,1,0
3,2,88,1,1,106,-702.608,12.9863,1,1,0
3,2,89,1,1,74,-659.929,12.4274,1,1,0
3,2,90,1,1,42,-585.078,10.8915,1,1,0
3,2,91,1,1,10,-566.913,11.6192,1,1,0
3,2,92,1,1,98,-671.769,13.176,1,1,0
3,2,93,1,1,66,-643.182,11.6088,1,1,0
3,2,94,1,1,34,-576.66,11.01,1,1,0
3,2,95,1,1,2,-538.72,12.7869,1,1,0
3,2,96,1,1,121,-715.023,14.2963,1,1,0
3,2,97,1,1,89,-660.015,12.8131,1,1,0
3,2,98,1,1,57,-608.003,13.5104,1,1,0
3,2,99,1,1,25,-591.306,12.8097,1,1,0
3,2,100,1,1,113,-698.02,13.798,1,1,0
3,2,101,1,1,81,-649.411,12.1165,1,1,0
3,2,102,1,1,49,-609.337,12.4213,1,1,0
3,2,103,1,1,17,-580.976,11.9212,1,1,0
3,2,104,1,1,105,-687.135,14.6979,1,1,0
3,2,105,1,1,73,-633.142,13.2654,1,1,0
3,2,106,1,1,41,-594.843,12.4202,1,1,0
3,2,107,1,1,9,-569.386,12.3962,1,1,0
3,2,108,1,1,97,-701.251,12.5408,1,1,0
3,2,109,1,1,65,-630.278,13.1675,1,1,0
3,2,110,1,1,33,-590.794,11.9761,1,1,0
3,2,111,1,1,1,-534.963,13.4869,1,1,0
3,2,112,1,1,120,-706.363,13.9289,1,1,0
3,2,113,1,1,88,-654.61,12.5683,1,1,0
3,2,114,1,1,56,-619.995,11.047,1,1,0
3,2,115,1,1,24,-569.878,11.5447,1,1,0
3,2,116,1,1,112,-700.017,12.9715,1,1,0
3,2,117,1,1,80,-656.203,11.9807,1,1,0
3,2,118,1,1,48,-604.769,10.6127,1,1,0
3,2,119,1,1,16,-582.584,10.9988,1,1,0
3,2,120,1,1,104,-691.272,13.171,1,1,0
3,2,121,1,1,72,-659.133,12.2642,1,1,0
3,2,122,1,1,40,-580.218,10.6949,1,1,0
3,2,123,1,1,8,-560.896,11.8519,1,1,0
3,2,124,1,1,96,-689.69,12.1073,1,1,0
3,2,125,1,1,64,-640.787,11.0641,1,1,0
3,2,126,1,1,32,-562.142,10.836,1,1,0
3,2,127,1,1,0,-554.574,14.734,1,1,0
3,3,0,1,1,255,-676.074,15.2116,1,1,0
3,3,1,1,1,223,-599.594,13.8051,1,1,0
3,3,2,1,1,191,-554.099,13.4112,1,1,0
3,3,3,1,1,159,-519.5,12.7405,1,1,0
3,3,4,1,1,247,-676.16,13.9971,1,1,0
3,3,5,1,1,215,-595.831,12.8388,1,1,0
3,3,6,1,1,183,-564.915,13.7027,1,1,0
3,3,7,1,1,151,-514.821,13.0891,1,1,0
3,3,8,1,1,239,-640.57,14.9621,1,1,0
3,3,9,1,1,207,-581.576,13.1111,1,1,0
3,3,10,1,1,175,-550.142,12.7147,1,1,0
3,3,11,1,1,143,-516.639,13.2281,1,1,0
3,3,12,1,1,231,-637.843,16.1206,1,1,0
3,3,13,1,1,199,-578.605,12.8563,1,1,0
3,3,14,1,1,167,-535.869,12.4258,1,1,0
3,3,15,1,1,135,-501.498,13.1096,1,1,0
3,3,16,1,1,254,-651.414,15.4203,1,1,0
3,3,17,1,1,222,-598.227,13.1601,1,1,0
3,3,18,1,1,190,-568.392,12.502,1,1,0
3,3,19,1,1,158,-520.838,12.0702,1,1,0
3,3,20,1,1,246,-659.45,13.726,1,1,0
3,3,21,1,1,214,-588.419,12.7743,1,1,0
3,3,22,1,1,182,-544.21,11.8155,1,1,0
3,3,23,1,1,150,-508.552,12.043,1,1,0
3,3,24,1,1,238,-644.181,13.9662,1,1,0
3,3,25,1,1,206,-580.869,12.8494,1,1,0
3,3,26,1,1,174,-533.497,11.7389,1,1,0
3,3,27,1,1,142,-499.214,12.2942,1,1,0
3,3,28,1,1,230,-639.084,13.4645,1,1,0
3,3,29,1,1,198,-580.761,12.5315,1,1,0
3,3,30,1,1,166,-535.876,11.6675,1,1,0
3,3,31,1,1,134,-509.945,12.496,1,1,0
3,3,32,1,1,253,-663.025,14.8883,1,1,0
3,3,33,1,1,221,-606.433,13.9201,1,1,0
3,3,34,1,1,189,-536.9,13.3327,1,1,0
3,3,35,1,1,157,-509.528,12.7609,1,1,0
3,3,36,1,1,245,-670.185,14.2026,1,1,0
3,3,37,1,1,213,-594.223,13.1292,1,1,0
3,3,38,1,1,181,-541.003,13.1228,1,1,0
3,3,39,1,1,149,-513.454,13.0332,1,1,0
3,3,40,1,1,237,-641.751,15.3189,1,1,0
3,3,41,1,1,205,-568.765,13.0763,1,1,0
3,3,42,1,1,173,-530.164,13.2367,1,1,0
3,3,43,1,1,141,-505.84,12.9878,1,1,0
3,3,44,1,1,229,-639.136,15.5686,1,1,0
3,3,45,1,1,197,-560.861,14.13,1,1,0
3,3,46,1,1,165,-532.8,12.2924,1,1,0
3,3,47,1,1,133,-501.349,13.6377,1,1,0
3,3,48,1,1,252,-664.268,14.5748,1,1,0
3,3,49,1,1,220,-599.246,12.8958,1,1,0
3,3,50,1,1,188,-542.669,12.2549,1,1,0
3,3,51,1,1,156,-507.285,12.0183,1,1,0
3,3,52,1,1,244,-662.854,13.2341,1,1,0
3,3,53,1,1,212,-600.658,12.5704,1,1,0
3,3,54,1,1,180,-539.217,11.8031,1,1,0
3,3,55,1,1,148,-506.955,11.8916,1,1,0
3,3,56,1,1,236,-635.21,14.0758,1,1,0
3,3,57,1,1,204,-579.319,12.5298,1,1,0
3,3,58,1,1,172,-534.153,12.0735,1,1,0
3,3,59,1,1,140,-502.383,12.2872,1,1,0
3,3,60,1,1,228,-613.778,12.9714,1,1,0
3,3,61,1,1,196,-572.554,12.4732,1,1,0
3,3,62,1,1,164,-514.135,11.4356,1,1,0
3,3,63,1,1,132,-495.167,13.5844,1,1,0
3,3,64,1,1,251,-665.218,14.6701,1,1,0
3,3,65,1,1,219,-601.384,13.231,1,1,0
3,3,66,1,1,187,-548.147,13.7965,1,1,0
3,3,67,1,1,155,-510.388,12.6707,1,1,0
3,3,68,1,1,243,-661.914,14.1509,1,1,0
3,3,69,1,1,211,-588.612,12.8461,1,1,0
3,3,70,1,1,179,-543.195,12.9583,1,1,0
3,3,71,1,1,147,-510.455,12.6757,1,1,0
3,3,72,1,1,235,-637.443,15.4816,1,1,0
3,3,73,1,1,203,-580.416,12.8188,1,1,0
3,3,74,1,1,171,-535.881,12.951,1,1,0
3,3,75,1,1,139,-502.256,12.9294,1,1,0
3,3,76,1,1,227,-629.869,14.4379,1,1,0
3,3,77,1,1,195,-570.217,14.0719,1,1,0
3,3,78,1,1,163,-538.669,12.2315,1,1,0
3,3,79,1,1,131,-487.117,13.8272,1,1,0
3,3,80,1,1,250,-665.733,14.2711,1,1,0
3,3,81,1,1,218,-592.113,12.8318,1,1,0
3,3,82,1,1,186,-550.532,12.0457,1,1,0
3,3,83,1,1,154,-520.138,12.0783,1,1,0
3,3,84,1,1,242,-661.483,13.3851,1,1,0
3,3,85,1,1,210,-599.059,12.7306,1,1,0
3,3,86,1,1,178,-548.018,11.815,1,1,0
3,3,87,1,1,146,-512.697,11.8135,1,1,0
3,3,88,1,1,234,-629.432,13.8788,1,1,0
3,3,89,1,1,202,-588.864,12.6186,1,1,0
3,3,90,1,1,170,-521.1,11.8205,1,1,0
3,3,91,1,1,138,-508.511,12.4201,1,1,0
3,3,92,1,1,226,-616.422,12.9666,1,1,0
3,3,93,1,1,194,-575.626,12.3702,1,1,0
3,3,94,1,1,162,-528.003,11.8784,1,1,0
3,3,95,1,1,130,-483.599,13.5446,1,1,0
3,3,96,1,1,249,-670.885,14.6462,1,1,0
3,3,97,1,1,217,-612.387,13.3572,1,1,0
3,3,98,1,1,185,-544.83,13.5146,1,1,0
3,3,99,1,1,153,-523.772,13.5806,1,1,0
3,3,100,1,1,241,-654.552,14.3899,1,1,0
3,3,101,1,1,209,-594.573,12.7177,1,1,0
3,3,102,1,1,177,-540.428,12.7683,1,1,0
3,3,103,1,1,145,-503.608,12.7931,1,1,0
3,3,104,1,1,233,-640.596,15.8513,1,1,0
3,3,105,1,1,201,-569.62,14.3251,1,1,0
3,3,106,1,1,169,-528.73,12.8872,1,1,0
3,3,107,1,1,137,-507.994,13.153,1,1,0
3,3,108,1,1,225,-626.03,14.2373,1,1,0
3,3,109,1,1,193,-564.429,13.9054,1,1,0
3,3,110,1,1,161,-526.478,12.468,1,1,0
3,3,111,1,1,129,-491.847,14.1662,1,1,0
3,3,112,1,1,248,-664.366,13.9472,1,1,0
3,3,113,1,1,216,-598.522,12.7162,1,1,0
3,3,114,1,1,184,-540.629,12.0583,1,1,0
3,3,115,1,1,152,-513.099,12.2854,1,1,0
3,3,116,1,1,240,-637.447,13.7558,1,1,0
3,3,117,1,1,208,-600.77,12.2068,1,1,0
3,3,118,1,1,176,-534.313,11.5786,1,1,0
3,3,119,1,1,144,-503.633,11.8793,1,1,0
3,3,120,1,1,232,-628.421,14.0135,1,1,0
3,3,121,1,1,200,-572.06,12.4242,1,1,0
3,3,122,1,1,168,-525.273,11.6002,1,1,0
3,3,123,1,1,136,-496.958,12.4999,1,1,0
3,3,124,1,1,224,-616.438,12.8476,1,1,0
3,3,125,1,1,192,-576.421,11.9433,1,1,0
3,3,126,1,1,160,-522.13,11.7344,1,1,0
3,3,127,1,1,128,-454.349,15.2976,1,1,0